Player,Career Span,Career Start,Career End,Matches Played,Innings Batted,Not Outs,Runs Scored,Highest Innings Score,Highest Innings Score Num,Batting Avg,Balls Faced,Batting Strike Rate,Hundreds Scored,Scores Of Fifty Or More,Ducks Scored,Boundary Fours,Boundary Sixes,Country,Player Count,1000+ Runs Scored,25+ Batting Avg,120+ Batting Strike Rate
EJG Morgan (2009-2017),2009-2017,2009,2017,70,68,13,1576,85*,85,28.65,1208,130.46,0,8,3,118,69,England,1,1,1,1
AD Hales (2011-2017),2011-2017,2011,2017,48,48,6,1383,116*,116,32.92,1022,135.32,1,7,4,148,42,England,1,1,1,1
KP Pietersen (2005-2013),2005-2013,2005,2013,37,36,5,1176,79,79,37.93,831,141.51,0,7,1,119,32,England,1,1,1,1
JC Buttler (2011-2017),2011-2017,2011,2017,57,49,11,1014,73*,73,26.68,731,138.71,0,5,3,72,46,England,1,1,1,1
LJ Wright (2007-2014),2007-2014,2007,2014,51,45,5,759,99*,99,18.97,554,137.00,0,4,9,68,31,England,1,0,0,1
JE Root (2012-2017),2012-2017,2012,2017,25,23,4,743,90*,90,39.10,577,128.76,0,4,0,76,16,England,1,0,1,1
RS Bopara (2008-2014),2008-2014,2008,2014,38,35,10,711,65*,65,28.44,599,118.69,0,3,0,54,17,England,1,0,1,0
PD Collingwood (2005-2011),2005-2011,2005,2011,35,33,2,583,79,79,18.80,459,127.01,0,3,3,37,24,England,1,0,0,1
MJ Lumb (2010-2014),2010-2014,2010,2014,27,27,1,552,63,63,21.23,413,133.65,0,3,1,64,21,England,1,0,0,1
C Kieswetter (2010-2012),2010-2012,2010,2012,25,25,1,526,63,63,21.91,470,111.91,0,3,2,47,23,England,1,0,0,0
JJ Roy (2014-2017),2014-2017,2014,2017,23,23,0,472,78,78,20.52,352,134.09,0,2,4,47,20,England,1,0,0,1
OA Shah (2007-2009),2007-2009,2007,2009,17,15,1,347,55*,55,24.78,284,122.18,0,1,0,26,13,England,1,0,0,1
JM Bairstow (2011-2017),2011-2017,2011,2017,23,18,5,329,60*,60,25.30,274,120.07,0,2,0,31,9,England,1,0,0,1
TT Bresnan (2006-2014),2006-2014,2006,2014,34,22,9,216,47*,47,16.61,170,127.05,0,0,3,16,6,England,1,0,0,0
MM Ali (2014-2017),2014-2017,2014,2017,22,19,5,202,72*,72,14.42,179,112.84,0,1,6,19,6,England,1,0,0,0
BA Stokes (2011-2017),2011-2017,2011,2017,21,18,5,192,38,38,14.76,141,136.17,0,0,1,17,8,England,1,0,0,0
SR Patel (2011-2013),2011-2013,2011,2013,18,14,2,189,67,67,15.75,173,109.24,0,1,2,17,5,England,1,0,0,0
IR Bell (2006-2014),2006-2014,2006,2014,8,8,1,188,60*,60,26.85,163,115.33,0,1,0,23,2,England,1,0,0,0
ME Trescothick (2005-2006),2005-2006,2005,2006,3,3,0,166,72,72,55.33,131,126.71,0,2,0,23,1,England,1,0,0,0
JM Vince (2015-2016),2015-2016,2015,2016,5,5,0,163,46,46,32.60,137,118.97,0,0,0,18,4,England,1,0,0,0
SW Billings (2015-2017),2015-2017,2015,2017,13,11,0,148,53,53,13.45,101,146.53,0,1,1,12,7,England,1,0,0,0
IJL Trott (2007-2010),2007-2010,2007,2010,7,7,1,138,51,51,23.00,144,95.83,0,1,0,9,3,England,1,0,0,0
CJ Jordan (2014-2017),2014-2017,2014,2017,26,16,6,134,27*,27,13.40,120,111.66,0,0,1,11,5,England,1,0,0,0
MJ Prior (2007-2010),2007-2010,2007,2010,10,8,2,127,32,32,21.16,100,127.00,0,0,1,11,5,England,1,0,0,0
AD Mascarenhas (2007-2009),2007-2009,2007,2009,14,13,5,123,31,31,15.37,100,123.00,0,0,3,8,5,England,1,0,0,0
SCJ Broad (2006-2014),2006-2014,2006,2014,56,26,10,118,18*,18,7.37,118,100.00,0,0,2,7,3,England,1,0,0,0
DL Maddy (2007-2007),2007-2007,2007,2007,4,4,0,113,50,50,28.25,80,141.25,0,1,0,12,3,England,1,0,0,0
GP Swann (2008-2012),2008-2012,2008,2012,39,16,11,104,34,34,20.80,89,116.85,0,0,2,9,1,England,1,0,0,0
SM Davies (2009-2011),2009-2011,2009,2011,5,5,0,102,33,33,20.40,82,124.39,0,0,0,12,0,England,1,0,0,0
MH Yardy (2006-2011),2006-2011,2006,2011,14,8,5,96,35*,35,32.00,72,133.33,0,0,3,9,1,England,1,0,0,0
CR Woakes (2011-2015),2011-2015,2011,2015,8,7,4,91,37,37,30.33,63,144.44,0,0,1,4,5,England,1,0,0,0
DJ Malan (2017-2017),2017-2017,2017,2017,1,1,0,78,78,78,78.00,44,177.27,0,1,0,12,2,England,1,0,0,0
A Flintoff (2005-2007),2005-2007,2005,2007,7,7,1,76,31,31,12.66,60,126.66,0,0,1,7,2,England,1,0,0,0
VS Solanki (2005-2007),2005-2007,2005,2007,3,3,0,76,43,43,25.33,61,124.59,0,0,0,10,1,England,1,0,0,0
DJ Willey (2015-2017),2015-2017,2015,2017,16,10,3,75,21,21,10.71,64,117.18,0,0,1,2,5,England,1,0,0,0
AJ Strauss (2005-2009),2005-2009,2005,2009,4,4,0,73,33,33,18.25,64,114.06,0,0,1,9,0,England,1,0,0,0
AN Cook (2007-2009),2007-2009,2007,2009,4,4,0,61,26,26,15.25,54,112.96,0,0,0,10,0,England,1,0,0,0
JWM Dalrymple (2006-2007),2006-2007,2006,2007,3,3,0,60,32,32,20.00,57,105.26,0,0,0,6,0,England,1,0,0,0
P Mustard (2008-2008),2008-2008,2008,2008,2,2,0,60,40,40,30.00,37,162.16,0,0,0,5,4,England,1,0,0,0
JS Foster (2009-2009),2009-2009,2009,2009,5,5,2,37,14*,14,12.33,32,115.62,0,0,0,0,1,England,1,0,0,0
GO Jones (2005-2006),2005-2006,2005,2006,2,2,1,33,19,19,33.00,25,132.00,0,0,0,5,0,England,1,0,0,0
JC Tredwell (2012-2014),2012-2014,2012,2014,17,6,3,32,22,22,10.66,20,160.00,0,0,1,4,1,England,1,0,0,0
PA Nixon (2007-2007),2007-2007,2007,2007,1,1,1,31,31*,31,-,22,140.90,0,0,0,2,1,England,1,0,0,0
AU Rashid (2009-2017),2009-2017,2009,2017,24,10,6,29,9*,9,7.25,39,74.35,0,0,0,1,0,England,1,0,0,0
MP Vaughan (2005-2007),2005-2007,2005,2007,2,2,0,27,27,27,13.50,22,122.72,0,0,1,4,0,England,1,0,0,0
JW Dernbach (2011-2014),2011-2014,2011,2014,34,7,2,24,12,12,4.80,21,114.28,0,0,1,3,0,England,1,0,0,0
CP Schofield (2007-2007),2007-2007,2007,2007,4,4,3,24,9*,9,24.00,20,120.00,0,0,0,2,0,England,1,0,0,0
LE Plunkett (2006-2017),2006-2017,2006,2017,14,7,2,23,18,18,4.60,20,115.00,0,0,2,2,0,England,1,0,0,0
JL Denly (2009-2010),2009-2010,2009,2010,5,5,0,20,14,14,4.00,29,68.96,0,0,2,2,0,England,1,0,0,0
LS Livingstone (2017-2017),2017-2017,2017,2017,2,2,0,16,16,16,8.00,19,84.21,0,0,1,1,0,England,1,0,0,0
SG Borthwick (2011-2011),2011-2011,2011,2011,1,1,0,14,14,14,14.00,16,87.50,0,0,0,2,0,England,1,0,0,0
ST Finn (2011-2015),2011-2015,2011,2015,21,3,3,14,8*,8,-,19,73.68,0,0,0,1,0,England,1,0,0,0
CMW Read (2006-2006),2006-2006,2006,2006,1,1,0,13,13,13,13.00,11,118.18,0,0,0,2,0,England,1,0,0,0
RWT Key (2009-2009),2009-2009,2009,2009,1,1,1,10,10*,10,-,8,125.00,0,0,0,0,0,England,1,0,0,0
MA Carberry (2014-2014),2014-2014,2014,2014,1,1,0,7,7,7,7.00,7,100.00,0,0,0,1,0,England,1,0,0,0
LA Dawson (2016-2017),2016-2017,2016,2017,4,1,1,7,7*,7,-,5,140.00,0,0,0,1,0,England,1,0,0,0
JN Snape (2007-2007),2007-2007,2007,2007,1,1,0,7,7,7,7.00,11,63.63,0,0,0,0,0,England,1,0,0,0
RJ Sidebottom (2007-2010),2007-2010,2007,2010,18,1,1,5,5*,5,-,4,125.00,0,0,0,1,0,England,1,0,0,0
GJ Batty (2009-2009),2009-2009,2009,2009,1,1,0,4,4,4,4.00,7,57.14,0,0,0,0,0,England,1,0,0,0
TK Curran (2017-2017),2017-2017,2017,2017,3,2,2,2,1*,1,-,4,50.00,0,0,0,0,0,England,1,0,0,0
A Khan (2009-2009),2009-2009,2009,2009,1,1,0,2,2,2,2.00,4,50.00,0,0,0,0,0,England,1,0,0,0
RJ Kirtley (2007-2007),2007-2007,2007,2007,1,1,1,2,2*,2,-,4,50.00,0,0,0,0,0,England,1,0,0,0
JM Anderson (2007-2009),2007-2009,2007,2009,19,4,3,1,1*,1,1.00,2,50.00,0,0,1,0,0,England,1,0,0,0
EC Joyce (2006-2007),2006-2007,2006,2007,2,1,0,1,1,1,1.00,3,33.33,0,0,0,0,0,England,1,0,0,0
J Lewis (2005-2007),2005-2007,2005,2007,2,2,1,1,1,1,1.00,4,25.00,0,0,0,0,0,England,1,0,0,0
SI Mahmood (2006-2009),2006-2009,2006,2009,4,2,2,1,1*,1,-,2,50.00,0,0,0,0,0,England,1,0,0,0
MS Panesar (2007-2007),2007-2007,2007,2007,1,1,0,1,1,1,1.00,2,50.00,0,0,0,0,0,England,1,0,0,0
SD Parry (2014-2015),2014-2015,2014,2015,5,1,0,1,1,1,1.00,1,100.00,0,0,0,0,0,England,1,0,0,0
RJW Topley (2015-2016),2015-2016,2015,2016,6,1,1,1,1*,1,-,2,50.00,0,0,0,0,0,England,1,0,0,0
DR Briggs (2012-2014),2012-2014,2012,2014,7,1,1,0,0*,0,-,0,-,0,0,0,0,0,England,1,0,0,0
TS Mills (2016-2017),2016-2017,2016,2017,4,1,0,0,0,0,0.00,2,0.00,0,0,1,0,0,England,1,0,0,0
A Shahzad (2010-2011),2010-2011,2010,2011,3,1,1,0,0*,0,-,3,0.00,0,0,0,0,0,England,1,0,0,0
TR Ambrose (2008-2008),2008-2008,2008,2008,1,-,-,-,-,-,-,-,-,-,-,-,-,-,England,1,0,0,0
MS Crane (2017-2017),2017-2017,2017,2017,2,-,-,-,-,-,-,-,-,-,-,-,-,-,England,1,0,0,0
D Gough (2005-2006),2005-2006,2005,2006,2,-,-,-,-,-,-,-,-,-,-,-,-,-,England,1,0,0,0
HF Gurney (2014-2014),2014-2014,2014,2014,2,-,-,-,-,-,-,-,-,-,-,-,-,-,England,1,0,0,0
SJ Harmison (2005-2006),2005-2006,2005,2006,2,-,-,-,-,-,-,-,-,-,-,-,-,-,England,1,0,0,0
SC Meaker (2012-2012),2012-2012,2012,2012,2,-,-,-,-,-,-,-,-,-,-,-,-,-,England,1,0,0,0
WB Rankin (2013-2013),2013-2013,2013,2013,2,-,-,-,-,-,-,-,-,-,-,-,-,-,England,1,0,0,0
CT Tremlett (2007-2007),2007-2007,2007,2007,1,-,-,-,-,-,-,-,-,-,-,-,-,-,England,1,0,0,0
MA Wood (2015-2017),2015-2017,2015,2017,2,-,-,-,-,-,-,-,-,-,-,-,-,-,England,1,0,0,0
DA Warner (2009-2017),2009-2017,2009,2017,65,65,3,1696,90*,90,27.35,1218,139.24,0,12,5,164,74,Australia,1,1,1,1
SR Watson (2006-2016),2006-2016,2006,2016,58,56,6,1462,124*,124,29.24,1006,145.32,1,10,3,115,83,Australia,1,1,1,1
AJ Finch (2011-2017),2011-2017,2011,2017,33,33,3,1132,156,156,37.73,763,148.36,1,7,0,115,48,Australia,1,1,1,1
CL White (2007-2014),2007-2014,2007,2014,47,44,14,984,85*,85,32.80,740,132.97,0,5,3,71,44,Australia,1,0,1,1
GJ Maxwell (2012-2017),2012-2017,2012,2017,38,33,4,839,145*,145,28.93,507,165.48,1,3,1,78,44,Australia,1,0,1,1
DJ Hussey (2008-2012),2008-2012,2008,2012,39,36,3,756,88*,88,22.90,623,121.34,0,3,4,41,34,Australia,1,0,0,1
MEK Hussey (2005-2012),2005-2012,2005,2012,38,30,11,721,60*,60,37.94,529,136.29,0,4,1,58,25,Australia,1,0,1,1
MJ Clarke (2005-2010),2005-2010,2005,2010,34,28,5,488,67,67,21.21,473,103.17,0,1,2,29,10,Australia,1,0,0,0
GJ Bailey (2012-2016),2012-2016,2012,2016,29,25,7,470,63,63,26.11,334,140.71,0,2,1,37,20,Australia,1,0,1,1
SPD Smith (2010-2016),2010-2016,2010,2016,30,25,5,431,90,90,21.55,352,122.44,0,2,1,34,11,Australia,1,0,0,1
BJ Haddin (2006-2014),2006-2014,2006,2014,34,29,6,402,47,47,17.47,351,114.52,0,0,2,30,13,Australia,1,0,0,0
RT Ponting (2005-2009),2005-2009,2005,2009,17,16,2,401,98*,98,28.64,302,132.78,0,2,2,41,11,Australia,1,0,0,1
A Symonds (2005-2009),2005-2009,2005,2009,14,11,4,337,85*,85,48.14,199,169.34,0,2,2,33,10,Australia,1,0,0,0
ML Hayden (2005-2007),2005-2007,2005,2007,9,9,3,308,73*,73,51.33,214,143.92,0,4,0,37,13,Australia,1,0,0,0
AC Gilchrist (2005-2008),2005-2008,2005,2008,13,13,1,272,48,48,22.66,192,141.66,0,0,0,27,13,Australia,1,0,0,0
SE Marsh (2008-2016),2008-2016,2008,2016,15,15,1,255,47*,47,18.21,248,102.82,0,0,2,15,10,Australia,1,0,0,0
UT Khawaja (2016-2016),2016-2016,2016,2016,9,9,0,241,58,58,26.77,182,132.41,0,1,0,31,5,Australia,1,0,0,0
MS Wade (2011-2016),2011-2016,2011,2016,26,17,5,239,72,72,19.91,218,109.63,0,1,0,11,9,Australia,1,0,0,0
TM Head (2016-2017),2016-2017,2016,2017,9,9,2,204,48*,48,29.14,147,138.77,0,0,0,11,9,Australia,1,0,0,0
BJ Hodge (2007-2014),2007-2014,2007,2014,15,11,4,183,36,36,26.14,144,127.08,0,0,0,9,7,Australia,1,0,0,0
JP Faulkner (2012-2017),2012-2017,2012,2017,24,18,7,159,41*,41,14.45,138,115.21,0,0,0,7,5,Australia,1,0,0,0
MC Henriques (2009-2017),2009-2017,2009,2017,11,8,3,159,62*,62,31.80,122,130.32,0,2,0,8,7,Australia,1,0,0,0
M Klinger (2017-2017),2017-2017,2017,2017,3,3,0,143,62,62,47.66,112,127.67,0,1,0,12,2,Australia,1,0,0,0
AC Voges (2007-2013),2007-2013,2007,2013,7,5,2,139,51,51,46.33,114,121.92,0,1,0,8,2,Australia,1,0,0,0
MR Marsh (2011-2016),2011-2016,2011,2016,9,9,3,133,36,36,22.16,104,127.88,0,0,0,6,8,Australia,1,0,0,0
DR Martyn (2005-2006),2005-2006,2005,2006,4,4,0,120,96,96,30.00,74,162.16,0,1,0,11,5,Australia,1,0,0,0
MG Johnson (2007-2013),2007-2013,2007,2013,30,17,7,109,28*,28,10.90,95,114.73,0,0,2,8,3,Australia,1,0,0,0
JR Hopes (2005-2010),2005-2010,2005,2010,12,7,2,105,30,30,21.00,98,107.14,0,0,0,7,1,Australia,1,0,0,0
B Lee (2005-2012),2005-2012,2005,2012,25,12,6,101,43*,43,16.83,71,142.25,0,0,2,9,4,Australia,1,0,0,0
BR Dunk (2014-2017),2014-2017,2014,2017,5,5,0,99,32,32,19.80,69,143.47,0,0,0,8,6,Australia,1,0,0,0
SM Katich (2005-2006),2005-2006,2005,2006,3,2,0,69,39,39,34.50,47,146.80,0,0,0,8,2,Australia,1,0,0,0
CA Lynn (2014-2016),2014-2016,2014,2016,5,4,1,65,33*,33,21.66,48,135.41,0,0,0,3,4,Australia,1,0,0,0
GB Hogg (2006-2014),2006-2014,2006,2014,15,4,0,55,41,41,13.75,39,141.02,0,0,0,3,3,Australia,1,0,0,0
NM Coulter-Nile (2013-2017),2013-2017,2013,2017,19,8,2,52,16*,16,8.66,45,115.55,0,0,2,1,5,Australia,1,0,0,0
TD Paine (2009-2017),2009-2017,2009,2017,10,7,1,47,21,21,7.83,40,117.50,0,0,2,4,2,Australia,1,0,0,0
L Ronchi (2008-2009),2008-2009,2008,2009,3,2,0,47,36,36,23.50,27,174.07,0,0,0,8,1,Australia,1,0,0,0
JW Hastings (2010-2016),2010-2016,2010,2016,9,6,2,46,15,15,11.50,37,124.32,0,0,0,3,1,Australia,1,0,0,0
NJ Maddinson (2013-2014),2013-2014,2013,2014,2,2,0,38,34,34,19.00,22,172.72,0,0,0,6,1,Australia,1,0,0,0
BCJ Cutting (2013-2014),2013-2014,2013,2014,4,3,0,35,29,29,11.66,23,152.17,0,0,1,1,3,Australia,1,0,0,0
"SNJ O'Keefe (2010-2011)",2010-2011,2010,2011,7,5,0,32,22,22,6.40,26,123.07,0,0,0,4,1,Australia,1,0,0,0
TR Birt (2010-2012),2010-2012,2010,2012,4,3,0,31,17,17,10.33,33,93.93,0,0,0,3,1,Australia,1,0,0,0
PJ Cummins (2011-2017),2011-2017,2011,2017,18,10,3,28,13,13,4.00,34,82.35,0,0,2,1,1,Australia,1,0,0,0
DT Christian (2010-2017),2010-2017,2010,2017,16,7,3,27,9,9,6.75,28,96.42,0,0,1,2,0,Australia,1,0,0,0
AJ Turner (2017-2017),2017-2017,2017,2017,3,3,0,26,18,18,8.66,21,123.80,0,0,0,1,0,Australia,1,0,0,0
PM Nevill (2016-2016),2016-2016,2016,2016,9,5,4,25,10*,10,25.00,11,227.27,0,0,0,1,2,Australia,1,0,0,0
JN Gillespie (2005-2005),2005-2005,2005,2005,1,1,0,24,24,24,24.00,18,133.33,0,0,0,4,0,Australia,1,0,0,0
MJ North (2009-2009),2009-2009,2009,2009,1,1,0,20,20,20,20.00,21,95.23,0,0,0,1,0,Australia,1,0,0,0
CJ McKay (2010-2013),2010-2013,2010,2013,6,4,2,19,7,7,9.50,22,86.36,0,0,1,1,1,Australia,1,0,0,0
XJ Doherty (2012-2013),2012-2013,2012,2013,11,4,3,18,9*,9,18.00,17,105.88,0,0,0,1,0,Australia,1,0,0,0
CJ Ferguson (2009-2009),2009-2009,2009,2009,3,3,0,16,8,8,5.33,19,84.21,0,0,1,1,0,Australia,1,0,0,0
DP Nannes (2009-2010),2009-2010,2009,2010,15,4,3,16,12*,12,16.00,11,145.45,0,0,0,1,1,Australia,1,0,0,0
BJ Rohrer (2013-2013),2013-2013,2013,2013,1,1,0,16,16,16,16.00,14,114.28,0,0,0,0,1,Australia,1,0,0,0
NW Bracken (2006-2009),2006-2009,2006,2009,19,6,3,15,4*,4,5.00,22,68.18,0,0,1,1,0,Australia,1,0,0,0
LA Pomersbach (2007-2007),2007-2007,2007,2007,1,1,0,15,15,15,15.00,7,214.28,0,0,0,1,1,Australia,1,0,0,0
MA Starc (2012-2016),2012-2016,2012,2016,22,6,2,12,4,4,3.00,18,66.66,0,0,0,0,0,Australia,1,0,0,0
SW Tait (2007-2016),2007-2016,2007,2016,21,6,2,11,6,6,2.75,15,73.33,0,0,1,0,1,Australia,1,0,0,0
A Zampa (2016-2017),2016-2017,2016,2017,12,3,3,11,5*,5,-,9,122.22,0,0,0,1,0,Australia,1,0,0,0
MP Stoinis (2015-2017),2015-2017,2015,2017,2,1,1,10,10*,10,-,8,125.00,0,0,0,1,0,Australia,1,0,0,0
AC Agar (2016-2016),2016-2016,2016,2016,2,1,0,9,9,9,9.00,8,112.50,0,0,0,0,1,Australia,1,0,0,0
KW Richardson (2014-2016),2014-2016,2014,2016,3,1,0,9,9,9,9.00,7,128.57,0,0,0,0,0,Australia,1,0,0,0
NM Hauritz (2009-2009),2009-2009,2009,2009,3,2,0,6,4,4,3.00,10,60.00,0,0,0,1,0,Australia,1,0,0,0
PJ Hughes (2014-2014),2014-2014,2014,2014,1,1,0,6,6,6,6.00,8,75.00,0,0,0,1,0,Australia,1,0,0,0
SA Abbott (2014-2014),2014-2014,2014,2014,3,1,0,5,5,5,5.00,8,62.50,0,0,0,1,0,Australia,1,0,0,0
GD McGrath (2005-2005),2005-2005,2005,2005,2,1,0,5,5,5,5.00,12,41.66,0,0,0,0,0,Australia,1,0,0,0
JL Pattinson (2011-2012),2011-2012,2011,2012,4,2,2,5,5*,5,-,3,166.66,0,0,0,1,0,Australia,1,0,0,0
CJ Boyce (2014-2016),2014-2016,2014,2016,7,2,1,4,3,3,4.00,7,57.14,0,0,0,0,0,Australia,1,0,0,0
JM Muirhead (2014-2014),2014-2014,2014,2014,5,2,1,4,3,3,4.00,8,50.00,0,0,0,0,0,Australia,1,0,0,0
NJ Reardon (2014-2014),2014-2014,2014,2014,2,1,0,4,4,4,4.00,8,50.00,0,0,0,0,0,Australia,1,0,0,0
AJ Tye (2016-2017),2016-2017,2016,2017,7,4,2,4,4,4,2.00,8,50.00,0,0,1,1,0,Australia,1,0,0,0
Fawad Ahmed (2013-2013),2013-2013,2013,2013,2,1,1,3,3*,3,-,5,60.00,0,0,0,0,0,Australia,1,0,0,0
MS Kasprowicz (2005-2005),2005-2005,2005,2005,2,1,1,3,3*,3,-,5,60.00,0,0,0,0,0,Australia,1,0,0,0
RJ Harris (2010-2010),2010-2010,2010,2010,3,1,1,2,2*,2,-,1,200.00,0,0,0,0,0,Australia,1,0,0,0
BW Hilfenhaus (2007-2012),2007-2012,2007,2012,7,3,1,2,2,2,1.00,10,20.00,0,0,1,0,0,Australia,1,0,0,0
DE Bollinger (2011-2014),2011-2014,2011,2014,9,2,2,1,1*,1,-,1,100.00,0,0,0,0,0,Australia,1,0,0,0
PM Siddle (2009-2010),2009-2010,2009,2010,2,1,1,1,1*,1,-,1,100.00,0,0,0,0,0,Australia,1,0,0,0
CT Bancroft (2016-2016),2016-2016,2016,2016,1,1,1,0,0*,0,-,0,-,0,0,0,0,0,Australia,1,0,0,0
SM Harwood (2007-2009),2007-2009,2007,2009,3,1,1,0,0*,0,-,0,-,0,0,0,0,0,Australia,1,0,0,0
AA Noffke (2007-2008),2007-2008,2007,2008,2,1,0,0,0,0,0.00,0,-,0,0,1,0,0,Australia,1,0,0,0
JA Richardson (2017-2017),2017-2017,2017,2017,2,1,0,0,0,0,0.00,1,0.00,0,0,1,0,0,Australia,1,0,0,0
JP Behrendorff (2017-2017),2017-2017,2017,2017,2,-,-,-,-,-,-,-,-,-,-,-,-,-,Australia,1,0,0,0
SM Boland (2016-2016),2016-2016,2016,2016,3,-,-,-,-,-,-,-,-,-,-,-,-,-,Australia,1,0,0,0
SR Clark (2006-2007),2006-2007,2006,2007,9,-,-,-,-,-,-,-,-,-,-,-,-,-,Australia,1,0,0,0
B Geeves (2009-2009),2009-2009,2009,2009,1,-,-,-,-,-,-,-,-,-,-,-,-,-,Australia,1,0,0,0
JR Hazlewood (2013-2016),2013-2016,2013,2016,7,-,-,-,-,-,-,-,-,-,-,-,-,-,Australia,1,0,0,0
B Laughlin (2009-2013),2009-2013,2009,2013,3,-,-,-,-,-,-,-,-,-,-,-,-,-,Australia,1,0,0,0
ML Lewis (2006-2006),2006-2006,2006,2006,2,-,-,-,-,-,-,-,-,-,-,-,-,-,Australia,1,0,0,0
NM Lyon (2016-2016),2016-2016,2016,2016,1,-,-,-,-,-,-,-,-,-,-,-,-,-,Australia,1,0,0,0
B Stanlake (2017-2017),2017-2017,2017,2017,1,-,-,-,-,-,-,-,-,-,-,-,-,-,Australia,1,0,0,0
JP Duminy (2007-2017),2007-2017,2007,2017,73,67,21,1700,96*,96,36.95,1372,123.90,0,9,6,124,59,South Africa,1,1,1,1
AB de Villiers (2006-2017),2006-2017,2006,2017,78,75,11,1672,79*,79,26.12,1237,135.16,0,10,5,140,60,South Africa,1,1,1,1
HM Amla (2009-2017),2009-2017,2009,2017,40,40,5,1158,97*,97,33.08,879,131.74,0,7,1,133,23,South Africa,1,1,1,1
F du Plessis (2012-2017),2012-2017,2012,2017,36,36,6,1129,119,119,37.63,849,132.97,1,7,0,102,35,South Africa,1,1,1,1
DA Miller (2010-2017),2010-2017,2010,2017,54,47,15,991,101*,101,30.96,695,142.58,1,1,0,67,44,South Africa,1,0,1,1
GC Smith (2005-2011),2005-2011,2005,2011,33,33,2,982,89*,89,31.67,770,127.53,0,5,1,123,26,South Africa,1,0,1,1
Q de Kock (2012-2017),2012-2017,2012,2017,31,31,4,801,59,59,29.66,626,127.95,0,2,3,93,24,South Africa,1,0,1,1
JH Kallis (2005-2012),2005-2012,2005,2012,25,23,4,666,73,73,35.05,558,119.35,0,5,0,56,20,South Africa,1,0,1,0
JA Morkel (2005-2015),2005-2015,2005,2015,50,38,11,572,43,43,21.18,402,142.28,0,0,1,29,39,South Africa,1,0,0,1
F Behardien (2012-2017),2012-2017,2012,2017,34,26,11,445,64*,64,29.66,359,123.95,0,1,1,31,13,South Africa,1,0,1,1
HH Gibbs (2005-2010),2005-2010,2005,2010,23,23,1,400,90*,90,18.18,318,125.78,0,3,4,45,12,South Africa,1,0,0,1
RR Rossouw (2014-2016),2014-2016,2014,2016,15,14,3,327,78,78,29.72,237,137.97,0,2,2,29,12,South Africa,1,0,0,0
LE Bosman (2006-2010),2006-2010,2006,2010,14,14,1,323,94,94,24.84,219,147.48,0,3,2,27,20,South Africa,1,0,0,0
MV Boucher (2005-2010),2005-2010,2005,2010,25,21,6,268,36*,36,17.86,275,97.45,0,0,0,22,2,South Africa,1,0,0,0
RE Levi (2012-2012),2012-2012,2012,2012,13,13,2,236,117*,117,21.45,167,141.31,1,1,3,20,15,South Africa,1,0,0,0
MN van Wyk (2007-2015),2007-2015,2007,2015,8,7,1,225,114*,114,37.50,157,143.31,1,1,0,19,14,South Africa,1,0,0,0
CA Ingram (2010-2012),2010-2012,2010,2012,9,9,1,210,78,78,26.25,162,129.62,0,1,1,23,7,South Africa,1,0,0,0
JM Kemp (2005-2007),2005-2007,2005,2007,8,7,3,203,89*,89,50.75,160,126.87,0,1,0,17,10,South Africa,1,0,0,0
J Botha (2006-2012),2006-2012,2006,2012,40,20,9,201,34,34,18.27,165,121.81,0,0,1,15,9,South Africa,1,0,0,0
RR Hendricks (2014-2017),2014-2017,2014,2017,9,9,0,172,49,49,19.11,166,103.61,0,0,2,17,1,South Africa,1,0,0,0
H Davids (2012-2013),2012-2013,2012,2013,9,9,0,161,68,68,17.88,134,120.14,0,2,2,18,4,South Africa,1,0,0,0
JL Ontong (2008-2015),2008-2015,2008,2015,14,10,0,158,48,48,15.80,109,144.95,0,0,1,6,11,South Africa,1,0,0,0
RJ Peterson (2006-2014),2006-2014,2006,2014,21,12,4,124,34,34,15.50,113,109.73,0,0,1,13,2,South Africa,1,0,0,0
WD Parnell (2009-2017),2009-2017,2009,2017,40,13,9,114,29*,29,28.50,96,118.75,0,0,0,10,3,South Africa,1,0,0,0
JT Smuts (2017-2017),2017-2017,2017,2017,6,6,0,110,45,45,18.33,96,114.58,0,0,1,11,5,South Africa,1,0,0,0
M Mosehle (2017-2017),2017-2017,2017,2017,7,6,1,105,36,36,21.00,65,161.53,0,0,0,6,9,South Africa,1,0,0,0
D Wiese (2013-2016),2013-2016,2013,2016,20,11,4,92,28,28,13.14,75,122.66,0,0,1,4,3,South Africa,1,0,0,0
SM Pollock (2005-2008),2005-2008,2005,2008,12,9,2,86,36*,36,12.28,70,122.85,0,0,3,4,4,South Africa,1,0,0,0
CH Morris (2012-2017),2012-2017,2012,2017,14,8,3,73,17*,17,14.60,66,110.60,0,0,1,6,2,South Africa,1,0,0,0
RE van der Merwe (2009-2010),2009-2010,2009,2010,13,6,3,57,48,48,19.00,50,114.00,0,0,1,2,4,South Africa,1,0,0,0
HG Kuhn (2009-2017),2009-2017,2009,2017,7,6,2,49,29,29,12.25,42,116.66,0,0,0,3,2,South Africa,1,0,0,0
JJ van der Wath (2006-2007),2006-2007,2006,2007,8,4,1,46,21,21,15.33,39,117.94,0,0,0,3,1,South Africa,1,0,0,0
J Theron (2010-2012),2010-2012,2010,2012,9,3,3,32,31*,31,-,21,152.38,0,0,0,3,1,South Africa,1,0,0,0
AL Phehlukwayo (2017-2017),2017-2017,2017,2017,9,3,1,27,27*,27,13.50,23,117.39,0,0,2,4,0,South Africa,1,0,0,0
TB de Bruyn (2017-2017),2017-2017,2017,2017,2,2,0,26,19,19,13.00,16,162.50,0,0,0,3,1,South Africa,1,0,0,0
RK Kleinveldt (2008-2013),2008-2013,2008,2013,6,3,2,25,22,22,25.00,10,250.00,0,0,0,1,3,South Africa,1,0,0,0
KJ Abbott (2013-2016),2013-2016,2013,2016,21,6,4,23,9*,9,11.50,20,115.00,0,0,0,2,0,South Africa,1,0,0,0
M Morkel (2007-2017),2007-2017,2007,2017,41,7,5,21,8*,8,10.50,16,131.25,0,0,0,3,1,South Africa,1,0,0,0
AM Phangiso (2012-2017),2012-2017,2012,2017,15,3,0,19,13,13,6.33,29,65.51,0,0,0,1,0,South Africa,1,0,0,0
Imran Tahir (2013-2017),2013-2017,2013,2017,33,3,2,18,9*,9,18.00,17,105.88,0,0,0,1,1,South Africa,1,0,0,0
BE Hendricks (2014-2017),2014-2017,2014,2017,7,2,1,15,12*,12,15.00,15,100.00,0,0,0,0,1,South Africa,1,0,0,0
DW Steyn (2007-2016),2007-2016,2007,2016,42,9,4,15,5,5,3.00,20,75.00,0,0,1,1,0,South Africa,1,0,0,0
VB van Jaarsveld (2009-2009),2009-2009,2009,2009,3,3,0,15,12,12,5.00,23,65.21,0,0,1,0,0,South Africa,1,0,0,0
AN Petersen (2010-2010),2010-2010,2010,2010,2,2,0,14,8,8,7.00,19,73.68,0,0,0,1,0,South Africa,1,0,0,0
VD Philander (2007-2007),2007-2007,2007,2007,7,4,0,14,6,6,3.50,28,50.00,0,0,0,0,0,South Africa,1,0,0,0
AJ Hall (2006-2006),2006-2006,2006,2006,2,1,0,11,11,11,11.00,10,110.00,0,0,0,1,0,South Africa,1,0,0,0
M Ntini (2005-2011),2005-2011,2005,2011,10,4,2,10,5,5,5.00,11,90.90,0,0,1,2,0,South Africa,1,0,0,0
R McLaren (2009-2014),2009-2014,2009,2014,12,4,3,9,6*,6,9.00,13,69.23,0,0,0,0,0,South Africa,1,0,0,0
GH Bodi (2007-2007),2007-2007,2007,2007,1,1,0,8,8,8,8.00,25,32.00,0,0,0,0,0,South Africa,1,0,0,0
ND McKenzie (2006-2009),2006-2009,2006,2009,2,1,1,7,7*,7,-,8,87.50,0,0,0,0,0,South Africa,1,0,0,0
JA Rudolph (2006-2006),2006-2006,2006,2006,1,1,1,6,6*,6,-,7,85.71,0,0,0,0,0,South Africa,1,0,0,0
AG Prince (2005-2005),2005-2005,2005,2005,1,1,0,5,5,5,5.00,6,83.33,0,0,0,0,0,South Africa,1,0,0,0
K Rabada (2014-2016),2014-2016,2014,2016,16,2,2,5,5*,5,-,6,83.33,0,0,0,0,0,South Africa,1,0,0,0
R Telemachus (2006-2007),2006-2007,2006,2007,3,1,1,5,5*,5,-,3,166.66,0,0,0,0,0,South Africa,1,0,0,0
CK Langeveldt (2005-2010),2005-2010,2005,2010,9,3,2,4,2*,2,4.00,8,50.00,0,0,0,0,0,South Africa,1,0,0,0
D Paterson (2017-2017),2017-2017,2017,2017,5,1,1,4,4*,4,-,1,400.00,0,0,0,1,0,South Africa,1,0,0,0
GJP Kruger (2006-2006),2006-2006,2006,2006,1,1,0,3,3,3,3.00,5,60.00,0,0,0,0,0,South Africa,1,0,0,0
L Ngidi (2017-2017),2017-2017,2017,2017,3,1,1,2,2*,2,-,3,66.66,0,0,0,0,0,South Africa,1,0,0,0
LL Tsotsobe (2009-2014),2009-2014,2009,2014,23,3,2,2,1*,1,2.00,10,20.00,0,0,0,0,0,South Africa,1,0,0,0
HH Dippenaar (2006-2006),2006-2006,2006,2006,1,1,0,1,1,1,1.00,5,20.00,0,0,0,0,0,South Africa,1,0,0,0
J Louw (2008-2009),2008-2009,2008,2009,2,1,1,1,1*,1,-,1,100.00,0,0,0,0,0,South Africa,1,0,0,0
T Henderson (2006-2006),2006-2006,2006,2006,1,1,0,0,0,0,0.00,2,0.00,0,0,1,0,0,South Africa,1,0,0,0
A Nel (2005-2007),2005-2007,2005,2007,2,1,1,0,0*,0,-,2,0.00,0,0,0,0,0,South Africa,1,0,0,0
M Zondeki (2006-2006),2006-2006,2006,2006,1,1,0,0,0,0,0.00,1,0.00,0,0,1,0,0,South Africa,1,0,0,0
YA Abdulla (2009-2009),2009-2009,2009,2009,2,-,-,-,-,-,-,-,-,-,-,-,-,-,South Africa,1,0,0,0
N Boje (2005-2005),2005-2005,2005,2005,1,-,-,-,-,-,-,-,-,-,-,-,-,-,South Africa,1,0,0,0
M de Lange (2012-2015),2012-2015,2012,2015,6,-,-,-,-,-,-,-,-,-,-,-,-,-,South Africa,1,0,0,0
R Frylinck (2017-2017),2017-2017,2017,2017,2,-,-,-,-,-,-,-,-,-,-,-,-,-,South Africa,1,0,0,0
E Leie (2015-2015),2015-2015,2015,2015,2,-,-,-,-,-,-,-,-,-,-,-,-,-,South Africa,1,0,0,0
D Pretorius (2017-2017),2017-2017,2017,2017,2,-,-,-,-,-,-,-,-,-,-,-,-,-,South Africa,1,0,0,0
T Shamsi (2017-2017),2017-2017,2017,2017,2,-,-,-,-,-,-,-,-,-,-,-,-,-,South Africa,1,0,0,0
AC Thomas (2007-2007),2007-2007,2007,2007,1,-,-,-,-,-,-,-,-,-,-,-,-,-,South Africa,1,0,0,0
DJ Vilas (2012-2012),2012-2012,2012,2012,1,-,-,-,-,-,-,-,-,-,-,-,-,-,South Africa,1,0,0,0
CH Gayle (2006-2017),2006-2017,2006,2017,52,49,4,1577,117,117,35.04,1085,145.34,2,13,2,134,103,West Indies,1,1,1,1
MN Samuels (2007-2017),2007-2017,2007,2017,60,58,10,1469,89*,89,30.60,1275,115.21,0,10,0,133,60,West Indies,1,1,1,0
DJ Bravo (2006-2016),2006-2016,2006,2016,66,59,12,1142,66*,66,24.29,981,116.41,0,4,4,67,49,West Indies,1,1,0,0
LMP Simmons (2007-2017),2007-2017,2007,2017,45,44,6,907,82*,82,23.86,777,116.73,0,5,6,86,33,West Indies,1,0,0,0
KA Pollard (2008-2017),2008-2017,2008,2017,56,48,10,768,63*,63,20.21,581,132.18,0,2,1,55,39,West Indies,1,0,0,1
J Charles (2011-2016),2011-2016,2011,2016,34,33,0,724,84,84,21.93,595,121.68,0,4,4,84,26,West Indies,1,0,0,1
DR Smith (2006-2015),2006-2015,2006,2015,33,32,0,582,72,72,18.18,474,122.78,0,3,1,62,31,West Indies,1,0,0,1
ADS Fletcher (2008-2016),2008-2016,2008,2016,32,31,4,576,84*,84,21.33,540,106.66,0,5,5,39,27,West Indies,1,0,0,0
DJG Sammy (2007-2016),2007-2016,2007,2016,66,50,16,534,42*,42,15.70,359,148.74,0,0,3,42,27,West Indies,1,0,0,1
E Lewis (2016-2017),2016-2017,2016,2017,14,14,1,468,125*,125,36.00,302,154.96,2,2,1,26,40,West Indies,1,0,0,1
D Ramdin (2006-2016),2006-2016,2006,2016,58,38,12,421,55*,55,16.19,364,115.65,0,1,2,39,8,West Indies,1,0,0,0
AD Russell (2011-2016),2011-2016,2011,2016,43,35,11,345,43*,43,14.37,267,129.21,0,0,6,25,18,West Indies,1,0,0,1
S Chanderpaul (2006-2010),2006-2010,2006,2010,22,22,5,343,41,41,20.17,347,98.84,0,0,0,34,5,West Indies,1,0,0,0
RR Sarwan (2007-2010),2007-2010,2007,2010,18,16,3,298,59,59,22.92,286,104.19,0,2,1,19,6,West Indies,1,0,0,0
DM Bravo (2010-2014),2010-2014,2010,2014,12,11,0,235,42,42,21.36,210,111.90,0,0,2,20,9,West Indies,1,0,0,0
DS Smith (2007-2009),2007-2009,2007,2009,6,6,0,203,61,61,33.83,161,126.08,0,2,0,22,5,West Indies,1,0,0,0
CR Brathwaite (2011-2017),2011-2017,2011,2017,22,14,5,195,37*,37,21.66,143,136.36,0,0,1,10,14,West Indies,1,0,0,0
CAK Walton (2014-2017),2014-2017,2014,2017,12,11,0,153,40,40,13.90,132,115.90,0,0,3,14,8,West Indies,1,0,0,0
SP Narine (2012-2017),2012-2017,2012,2017,48,20,8,147,30,30,12.25,116,126.72,0,0,2,13,5,West Indies,1,0,0,0
XM Marshall (2008-2009),2008-2009,2008,2009,6,6,0,96,36,36,16.00,77,124.67,0,0,1,8,4,West Indies,1,0,0,0
RS Morton (2006-2010),2006-2010,2006,2010,7,7,1,96,40,40,16.00,103,93.20,0,0,1,8,2,West Indies,1,0,0,0
JE Taylor (2006-2017),2006-2017,2006,2017,28,13,6,85,21,21,12.14,78,108.97,0,0,1,7,3,West Indies,1,0,0,0
CD Barnwell (2011-2013),2011-2013,2011,2013,6,6,2,78,34*,34,19.50,62,125.80,0,0,1,4,4,West Indies,1,0,0,0
TM Dowlin (2009-2010),2009-2010,2009,2010,2,2,1,68,37*,37,68.00,69,98.55,0,0,0,8,0,West Indies,1,0,0,0
DP Hyatt (2011-2012),2011-2012,2011,2012,5,5,1,64,28,28,16.00,54,118.51,0,0,0,4,4,West Indies,1,0,0,0
JN Mohammed (2017-2017),2017-2017,2017,2017,5,4,3,59,23*,23,59.00,66,89.39,0,0,0,5,1,West Indies,1,0,0,0
N Deonarine (2010-2013),2010-2013,2010,2013,8,7,2,55,36*,36,11.00,53,103.77,0,0,3,5,0,West Indies,1,0,0,0
NO Miller (2009-2014),2009-2014,2009,2014,9,5,4,43,15*,15,43.00,47,91.48,0,0,0,2,0,West Indies,1,0,0,0
JO Holder (2014-2017),2014-2017,2014,2017,8,4,1,42,26*,26,14.00,37,113.51,0,0,1,4,1,West Indies,1,0,0,0
SJ Benn (2008-2016),2008-2016,2008,2016,24,7,4,37,13*,13,12.33,42,88.09,0,0,1,5,1,West Indies,1,0,0,0
R Powell (2017-2017),2017-2017,2017,2017,7,4,1,35,28,28,11.66,29,120.68,0,0,1,2,2,West Indies,1,0,0,0
SE Findlay (2008-2008),2008-2008,2008,2008,2,2,0,32,19,19,16.00,31,103.22,0,0,0,4,0,West Indies,1,0,0,0
WW Hinds (2006-2010),2006-2010,2006,2010,5,5,1,30,14,14,7.50,41,73.17,0,0,1,3,0,West Indies,1,0,0,0
S Badree (2012-2017),2012-2017,2012,2017,40,10,7,29,14*,14,9.66,46,63.04,0,0,0,1,0,West Indies,1,0,0,0
NE Bonner (2011-2012),2011-2012,2011,2012,2,2,0,27,24,24,13.50,38,71.05,0,0,0,2,0,West Indies,1,0,0,0
D Ganga (2006-2006),2006-2006,2006,2006,1,1,0,26,26,26,26.00,31,83.87,0,0,0,3,1,West Indies,1,0,0,0
N Pooran (2016-2016),2016-2016,2016,2016,3,3,0,25,16,16,8.33,22,113.63,0,0,0,2,1,West Indies,1,0,0,0
AB Barath (2010-2011),2010-2011,2010,2011,2,2,0,23,15,15,11.50,39,58.97,0,0,0,3,0,West Indies,1,0,0,0
AR Nurse (2011-2017),2011-2017,2011,2017,5,3,2,22,13*,13,22.00,20,110.00,0,0,0,1,1,West Indies,1,0,0,0
FL Reifer (2009-2009),2009-2009,2009,2009,1,1,0,22,22,22,22.00,20,110.00,0,0,0,2,1,West Indies,1,0,0,0
TL Best (2013-2014),2013-2014,2013,2014,6,1,1,17,17*,17,-,9,188.88,0,0,0,0,2,West Indies,1,0,0,0
KOA Powell (2014-2014),2014-2014,2014,2014,1,1,0,12,12,12,12.00,14,85.71,0,0,0,1,0,West Indies,1,0,0,0
R Rampaul (2007-2015),2007-2015,2007,2015,23,6,5,12,8,8,12.00,21,57.14,0,0,0,0,0,West Indies,1,0,0,0
CS Baugh (2008-2012),2008-2012,2008,2012,3,3,0,10,7,7,3.33,12,83.33,0,0,0,1,0,West Indies,1,0,0,0
FH Edwards (2007-2012),2007-2012,2007,2012,20,4,2,10,7*,7,5.00,9,111.11,0,0,1,1,0,West Indies,1,0,0,0
BA Parchment (2007-2007),2007-2007,2007,2007,1,1,0,10,10,10,10.00,6,166.66,0,0,0,1,1,West Indies,1,0,0,0
ACL Richards (2007-2007),2007-2007,2007,2007,1,1,0,10,10,10,10.00,15,66.66,0,0,0,1,0,West Indies,1,0,0,0
WKD Perkins (2008-2008),2008-2008,2008,2008,1,1,0,9,9,9,9.00,11,81.81,0,0,0,1,0,West Indies,1,0,0,0
D Bishoo (2011-2015),2011-2015,2011,2015,5,2,1,6,6*,6,6.00,6,100.00,0,0,1,1,0,West Indies,1,0,0,0
GE Mathurin (2011-2012),2011-2012,2011,2012,3,2,2,4,3*,3,-,5,80.00,0,0,0,0,0,West Indies,1,0,0,0
MC Bascombe (2011-2011),2011-2011,2011,2011,1,1,0,3,3,3,3.00,7,42.85,0,0,0,0,0,West Indies,1,0,0,0
KAJ Roach (2008-2012),2008-2012,2008,2012,11,1,1,3,3*,3,-,2,150.00,0,0,0,0,0,West Indies,1,0,0,0
KOK Williams (2016-2017),2016-2017,2016,2017,10,1,1,2,2*,2,-,2,100.00,0,0,0,0,0,West Indies,1,0,0,0
DE Bernard (2009-2009),2009-2009,2009,2009,1,1,1,1,1*,1,-,1,100.00,0,0,0,0,0,West Indies,1,0,0,0
DBL Powell (2007-2007),2007-2007,2007,2007,5,1,1,1,1*,1,-,1,100.00,0,0,0,0,0,West Indies,1,0,0,0
IDR Bradshaw (2006-2006),2006-2006,2006,2006,1,1,1,0,0*,0,-,0,-,0,0,0,0,0,West Indies,1,0,0,0
DO Christian (2011-2011),2011-2011,2011,2011,2,1,0,0,0,0,0.00,2,0.00,0,0,1,0,0,West Indies,1,0,0,0
SS Cottrell (2014-2015),2014-2015,2014,2015,6,1,0,0,0,0,0.00,1,0.00,0,0,1,0,0,West Indies,1,0,0,0
RN Lewis (2008-2008),2008-2008,2008,2008,1,1,0,0,0,0,0.00,4,0.00,0,0,1,0,0,West Indies,1,0,0,0
DM Richards (2009-2009),2009-2009,2009,2009,1,1,0,0,0,0,0.00,1,0.00,0,0,1,0,0,West Indies,1,0,0,0
K Santokie (2011-2014),2011-2014,2011,2014,12,1,1,0,0*,0,-,0,-,0,0,0,0,0,West Indies,1,0,0,0
LS Baker (2008-2009),2008-2009,2008,2009,3,-,-,-,-,-,-,-,-,-,-,-,-,-,West Indies,1,0,0,0
DK Butler (2006-2006),2006-2006,2006,2006,1,-,-,-,-,-,-,-,-,-,-,-,-,-,West Indies,1,0,0,0
ST Gabriel (2013-2013),2013-2013,2013,2013,2,-,-,-,-,-,-,-,-,-,-,-,-,-,West Indies,1,0,0,0
A Martin (2011-2011),2011-2011,2011,2011,1,-,-,-,-,-,-,-,-,-,-,-,-,-,West Indies,1,0,0,0
DC Thomas (2009-2013),2009-2013,2009,2013,3,-,-,-,-,-,-,-,-,-,-,-,-,-,West Indies,1,0,0,0
GC Tonge (2009-2009),2009-2009,2009,2009,1,-,-,-,-,-,-,-,-,-,-,-,-,-,West Indies,1,0,0,0
BB McCullum (2005-2015),2005-2015,2005,2015,71,70,10,2140,123,123,35.66,1571,136.21,2,13,3,199,91,New Zealand,1,1,1,1
MJ Guptill (2009-2017),2009-2017,2009,2017,64,62,7,1856,101*,101,33.74,1426,130.15,1,10,2,173,79,New Zealand,1,1,1,1
LRPL Taylor (2006-2016),2006-2016,2006,2016,73,65,13,1256,63,63,24.15,1046,120.07,0,5,4,83,48,New Zealand,1,1,0,1
KS Williamson (2011-2017),2011-2017,2011,2017,42,40,6,1173,73*,73,34.50,959,122.31,0,7,1,133,16,New Zealand,1,1,1,1
C Munro (2012-2017),2012-2017,2012,2017,35,32,6,724,109*,109,27.84,475,152.42,2,3,4,48,46,New Zealand,1,0,1,1
SB Styris (2005-2010),2005-2010,2005,2010,31,29,2,578,66,66,21.40,483,119.66,0,1,0,40,25,New Zealand,1,0,0,0
JDP Oram (2005-2012),2005-2012,2005,2012,36,30,7,474,66*,66,20.60,339,139.82,0,2,3,38,22,New Zealand,1,0,0,1
JEC Franklin (2006-2013),2006-2013,2006,2013,38,31,8,463,60,60,20.13,391,118.41,0,2,2,28,23,New Zealand,1,0,0,0
JD Ryder (2008-2014),2008-2014,2008,2014,22,21,1,457,62,62,22.85,358,127.65,0,3,2,47,18,New Zealand,1,0,0,1
CJ Anderson (2012-2017),2012-2017,2012,2017,29,22,3,432,94*,94,22.73,314,137.57,0,2,3,26,24,New Zealand,1,0,0,1
RJ Nicol (2010-2013),2010-2013,2010,2013,21,19,0,327,58,58,17.21,296,110.47,0,2,2,33,11,New Zealand,1,0,0,0
L Ronchi (2013-2017),2013-2017,2013,2017,29,23,6,312,51*,51,18.35,227,137.44,0,1,4,22,13,New Zealand,1,0,0,0
NL McCullum (2007-2016),2007-2016,2007,2016,63,41,15,299,36*,36,11.50,297,100.67,0,0,4,19,8,New Zealand,1,0,0,0
DL Vettori (2007-2014),2007-2014,2007,2014,34,22,6,205,38,38,12.81,190,107.89,0,0,3,14,2,New Zealand,1,0,0,0
CD McMillan (2005-2007),2005-2007,2005,2007,8,7,1,187,57,57,31.16,117,159.82,0,1,0,8,14,New Zealand,1,0,0,0
L Vincent (2006-2007),2006-2007,2006,2007,9,9,0,174,42,42,19.33,174,100.00,0,0,1,17,3,New Zealand,1,0,0,0
TWM Latham (2012-2017),2012-2017,2012,2017,13,10,0,163,39,39,16.30,157,103.82,0,0,0,12,2,New Zealand,1,0,0,0
GD Elliott (2009-2016),2009-2016,2009,2016,16,14,4,157,27,27,15.70,149,105.36,0,0,0,10,2,New Zealand,1,0,0,0
HD Rutherford (2013-2013),2013-2013,2013,2013,7,6,0,151,62,62,25.16,104,145.19,0,1,0,12,9,New Zealand,1,0,0,0
KD Mills (2005-2014),2005-2014,2005,2014,42,19,7,137,33*,33,11.41,123,111.38,0,0,4,11,5,New Zealand,1,0,0,0
TC Bruce (2017-2017),2017-2017,2017,2017,7,7,2,136,59*,59,27.20,103,132.03,0,1,0,13,3,New Zealand,1,0,0,0
PG Fulton (2006-2012),2006-2012,2006,2012,12,12,1,127,25,25,11.54,140,90.71,0,0,2,7,6,New Zealand,1,0,0,0
AJ Redmond (2009-2010),2009-2010,2009,2010,7,6,0,126,63,63,21.00,84,150.00,0,1,0,19,2,New Zealand,1,0,0,0
JDS Neesham (2012-2017),2012-2017,2012,2017,15,12,3,122,28,28,13.55,93,131.18,0,0,1,15,3,New Zealand,1,0,0,0
AP Devcich (2013-2014),2013-2014,2013,2014,4,4,0,111,59,59,27.75,79,140.50,0,1,0,17,2,New Zealand,1,0,0,0
SP Fleming (2005-2006),2005-2006,2005,2006,5,5,0,110,38,38,22.00,85,129.41,0,0,0,20,0,New Zealand,1,0,0,0
TG Southee (2008-2017),2008-2017,2008,2017,41,17,5,103,23,23,8.58,79,130.37,0,0,2,8,6,New Zealand,1,0,0,0
C de Grandhomme (2012-2017),2012-2017,2012,2017,11,10,5,92,41*,41,18.40,62,148.38,0,0,1,4,7,New Zealand,1,0,0,0
GH Worker (2015-2015),2015-2015,2015,2015,2,2,0,90,62,62,45.00,64,140.62,0,1,0,6,5,New Zealand,1,0,0,0
GJ Hopkins (2007-2010),2007-2010,2007,2010,10,8,0,86,36,36,10.75,71,121.12,0,0,0,5,5,New Zealand,1,0,0,0
MJ Santner (2015-2017),2015-2017,2015,2017,17,11,3,79,27*,27,9.87,75,105.33,0,0,1,6,2,New Zealand,1,0,0,0
DAJ Bracewell (2011-2015),2011-2015,2011,2015,14,8,5,77,21*,21,25.66,56,137.50,0,0,1,5,4,New Zealand,1,0,0,0
NJ Astle (2005-2006),2005-2006,2005,2006,4,4,1,74,40*,40,24.66,67,110.44,0,0,0,7,2,New Zealand,1,0,0,0
NT Broom (2009-2017),2009-2017,2009,2017,11,7,1,73,36,36,12.16,68,107.35,0,0,0,8,1,New Zealand,1,0,0,0
PD McGlashan (2006-2010),2006-2010,2006,2010,11,9,1,61,26,26,7.62,64,95.31,0,0,0,6,2,New Zealand,1,0,0,0
DR Flynn (2008-2012),2008-2012,2008,2012,5,5,0,59,23,23,11.80,51,115.68,0,0,0,1,4,New Zealand,1,0,0,0
JM How (2007-2008),2007-2008,2007,2008,5,5,0,56,31,31,11.20,67,83.58,0,0,0,5,1,New Zealand,1,0,0,0
BJ Watling (2009-2014),2009-2014,2009,2014,5,4,0,38,22,22,9.50,58,65.51,0,0,0,3,0,New Zealand,1,0,0,0
RM Hira (2012-2013),2012-2013,2012,2013,15,3,1,37,20*,20,18.50,33,112.12,0,0,0,4,1,New Zealand,1,0,0,0
AM Ellis (2012-2013),2012-2013,2012,2013,5,5,2,25,16,16,8.33,21,119.04,0,0,0,1,1,New Zealand,1,0,0,0
PJ Ingram (2010-2010),2010-2010,2010,2010,3,3,1,22,20*,20,11.00,35,62.85,0,0,1,3,0,New Zealand,1,0,0,0
SE Bond (2005-2010),2005-2010,2005,2010,20,8,3,21,8*,8,4.20,21,100.00,0,0,2,2,0,New Zealand,1,0,0,0
MR Gillespie (2006-2008),2006-2008,2006,2008,11,6,4,21,7,7,10.50,29,72.41,0,0,0,0,0,New Zealand,1,0,0,0
AF Milne (2010-2017),2010-2017,2010,2017,19,7,7,21,10*,10,-,23,91.30,0,0,0,1,0,New Zealand,1,0,0,0
JW Wilson (2005-2005),2005-2005,2005,2005,1,1,0,18,18,18,18.00,14,128.57,0,0,0,2,0,New Zealand,1,0,0,0
GD Phillips (2017-2017),2017-2017,2017,2017,3,2,0,16,11,11,8.00,20,80.00,0,0,0,2,0,New Zealand,1,0,0,0
HM Nicholls (2016-2017),2016-2017,2016,2017,4,3,0,15,7,7,5.00,22,68.18,0,0,0,2,0,New Zealand,1,0,0,0
MJ McClenaghan (2012-2016),2012-2016,2012,2016,28,7,4,14,6*,6,4.66,15,93.33,0,0,2,1,1,New Zealand,1,0,0,0
JAH Marshall (2005-2008),2005-2008,2005,2008,3,2,0,14,13,13,7.00,15,93.33,0,0,0,2,0,New Zealand,1,0,0,0
AR Adams (2005-2006),2005-2006,2005,2006,4,2,1,13,7,7,13.00,12,108.33,0,0,0,1,0,New Zealand,1,0,0,0
TA Boult (2013-2017),2013-2017,2013,2017,17,5,1,13,5,5,3.25,23,56.52,0,0,1,0,0,New Zealand,1,0,0,0
PA Hitchcock (2008-2008),2008-2008,2008,2008,1,1,0,13,13,13,13.00,11,118.18,0,0,0,1,1,New Zealand,1,0,0,0
HJH Marshall (2005-2006),2005-2006,2005,2006,3,3,0,12,8,8,4.00,14,85.71,0,0,0,0,0,New Zealand,1,0,0,0
IS Sodhi (2014-2017),2014-2017,2014,2017,15,2,2,11,11*,11,-,9,122.22,0,0,0,2,0,New Zealand,1,0,0,0
MJ Henry (2014-2017),2014-2017,2014,2017,6,2,1,10,10,10,10.00,5,200.00,0,0,0,2,0,New Zealand,1,0,0,0
JS Patel (2005-2008),2005-2008,2005,2008,11,4,1,9,5,5,3.00,14,64.28,0,0,1,1,0,New Zealand,1,0,0,0
DG Brownlie (2010-2014),2010-2014,2010,2014,5,5,0,6,5,5,1.20,18,33.33,0,0,3,1,0,New Zealand,1,0,0,0
BM Wheeler (2017-2017),2017-2017,2017,2017,4,2,1,6,6,6,6.00,6,100.00,0,0,0,1,0,New Zealand,1,0,0,0
IG Butler (2009-2013),2009-2013,2009,2013,19,6,5,5,2*,2,5.00,10,50.00,0,0,0,0,0,New Zealand,1,0,0,0
CS Martin (2007-2008),2007-2008,2007,2008,6,1,1,5,5*,5,-,6,83.33,0,0,0,0,0,New Zealand,1,0,0,0
DR Tuffey (2005-2010),2005-2010,2005,2010,3,2,1,5,5*,5,5.00,5,100.00,0,0,1,1,0,New Zealand,1,0,0,0
CL Cairns (2005-2006),2005-2006,2005,2006,2,2,0,3,2,2,1.50,13,23.07,0,0,0,0,0,New Zealand,1,0,0,0
MJ Mason (2006-2008),2006-2008,2006,2008,3,1,0,2,2,2,2.00,2,100.00,0,0,0,0,0,New Zealand,1,0,0,0
TD Astle (2016-2016),2016-2016,2016,2016,2,1,0,1,1,1,1.00,5,20.00,0,0,0,0,0,New Zealand,1,0,0,0
EP Thompson (2008-2008),2008-2008,2008,2008,1,1,1,1,1*,1,-,1,100.00,0,0,0,0,0,New Zealand,1,0,0,0
AJ McKay (2010-2010),2010-2010,2010,2010,2,1,0,0,0,0,0.00,1,0.00,0,0,1,0,0,New Zealand,1,0,0,0
MS Sinclair (2005-2007),2005-2007,2005,2007,2,2,0,0,0,0,0.00,5,0.00,0,0,2,0,0,New Zealand,1,0,0,0
GW Aldridge (2011-2011),2011-2011,2011,2011,1,-,-,-,-,-,-,-,-,-,-,-,-,-,New Zealand,1,0,0,0
MD Bates (2012-2012),2012-2012,2012,2012,3,-,-,-,-,-,-,-,-,-,-,-,-,-,New Zealand,1,0,0,0
TA Blundell (2017-2017),2017-2017,2017,2017,1,-,-,-,-,-,-,-,-,-,-,-,-,-,New Zealand,1,0,0,0
BJ Diamanti (2009-2009),2009-2009,2009,2009,1,-,-,-,-,-,-,-,-,-,-,-,-,-,New Zealand,1,0,0,0
LH Ferguson (2017-2017),2017-2017,2017,2017,1,-,-,-,-,-,-,-,-,-,-,-,-,-,New Zealand,1,0,0,0
"IE O'Brien (2009-2009)",2009-2009,2009,2009,4,-,-,-,-,-,-,-,-,-,-,-,-,-,New Zealand,1,0,0,0
LJ Woodcock (2010-2011),2010-2011,2010,2011,3,-,-,-,-,-,-,-,-,-,-,-,-,-,New Zealand,1,0,0,0
V Kohli (2010-2017),2010-2017,2010,2017,55,51,14,1956,90*,90,52.86,1419,137.84,0,18,1,208,40,India,1,1,1,1
RG Sharma (2007-2017),2007-2017,2007,2017,68,61,12,1485,106,106,30.30,1143,129.92,1,12,3,132,56,India,1,1,1,1
SK Raina (2006-2017),2006-2017,2006,2017,65,55,11,1307,101,101,29.70,983,132.96,1,4,2,116,47,India,1,1,1,1
MS Dhoni (2006-2017),2006-2017,2006,2017,83,72,36,1281,56,56,35.58,1038,123.41,0,1,1,86,40,India,1,1,1,1
Yuvraj Singh (2007-2017),2007-2017,2007,2017,58,51,9,1177,77*,77,28.02,863,136.38,0,8,1,77,74,India,1,1,1,1
G Gambhir (2007-2012),2007-2012,2007,2012,37,36,2,932,75,75,27.41,783,119.02,0,7,2,109,10,India,1,0,1,0
S Dhawan (2011-2017),2011-2017,2011,2017,28,28,3,543,80,80,21.72,459,118.30,0,3,1,68,14,India,1,0,0,0
V Sehwag (2006-2012),2006-2012,2006,2012,19,18,0,394,68,68,21.88,271,145.38,0,2,1,43,16,India,1,0,0,1
AM Rahane (2011-2016),2011-2016,2011,2016,20,20,2,375,61,61,20.83,331,113.29,0,1,2,32,6,India,1,0,0,0
KL Rahul (2016-2017),2016-2017,2016,2017,9,8,2,304,110*,110,50.66,204,149.01,1,1,1,29,11,India,1,0,0,0
RV Uthappa (2007-2015),2007-2015,2007,2015,13,12,2,249,50,50,24.90,211,118.00,0,1,1,26,6,India,1,0,0,0
YK Pathan (2007-2012),2007-2012,2007,2012,22,18,5,236,37*,37,18.15,161,146.58,0,0,3,11,17,India,1,0,0,0
MK Pandey (2015-2017),2015-2017,2015,2017,12,9,1,174,51*,51,21.75,143,121.67,0,1,2,8,7,India,1,0,0,0
IK Pathan (2006-2012),2006-2012,2006,2012,24,14,7,172,33*,33,24.57,144,119.44,0,0,0,9,7,India,1,0,0,0
M Vijay (2010-2015),2010-2015,2010,2015,9,9,0,169,48,48,18.77,154,109.74,0,0,1,13,8,India,1,0,0,0
KD Karthik (2006-2017),2006-2017,2006,2017,10,9,2,148,48,48,21.14,117,126.49,0,0,1,19,4,India,1,0,0,0
HH Pandya (2016-2017),2016-2017,2016,2017,24,14,1,140,31,31,10.76,112,125.00,0,0,2,7,7,India,1,0,0,0
R Ashwin (2010-2017),2010-2017,2010,2017,46,11,7,123,31*,31,30.75,115,106.95,0,0,0,14,1,India,1,0,0,0
KM Jadhav (2015-2017),2015-2017,2015,2017,9,6,0,122,58,58,20.33,99,123.23,0,1,0,12,3,India,1,0,0,0
RA Jadeja (2009-2017),2009-2017,2009,2017,40,18,6,116,25,25,9.66,124,93.54,0,0,2,6,2,India,1,0,0,0
Harbhajan Singh (2006-2016),2006-2016,2006,2016,28,13,5,108,21,21,13.50,87,124.13,0,0,1,11,4,India,1,0,0,0
Mandeep Singh (2016-2016),2016-2016,2016,2016,3,3,1,87,52*,52,43.50,73,119.17,0,1,0,11,1,India,1,0,0,0
AR Patel (2015-2017),2015-2017,2015,2017,10,6,2,67,20*,20,16.75,53,126.41,0,0,0,3,3,India,1,0,0,0
S Badrinath (2011-2011),2011-2011,2011,2011,1,1,0,43,43,43,43.00,37,116.21,0,0,0,5,0,India,1,0,0,0
RR Pant (2017-2017),2017-2017,2017,2017,2,2,1,43,38,38,43.00,38,113.15,0,0,0,3,1,India,1,0,0,0
AT Rayudu (2014-2016),2014-2016,2014,2016,6,5,1,42,20,20,10.50,50,84.00,0,0,2,5,0,India,1,0,0,0
D Mongia (2006-2006),2006-2006,2006,2006,1,1,0,38,38,38,38.00,45,84.44,0,0,0,4,1,India,1,0,0,0
PA Patel (2011-2011),2011-2011,2011,2011,2,2,0,36,26,26,18.00,32,112.50,0,0,0,4,1,India,1,0,0,0
STR Binny (2015-2016),2015-2016,2015,2016,3,2,0,35,24,24,17.50,29,120.68,0,0,0,2,1,India,1,0,0,0
R Dravid (2011-2011),2011-2011,2011,2011,1,1,0,31,31,31,31.00,21,147.61,0,0,0,0,3,India,1,0,0,0
SS Iyer (2017-2017),2017-2017,2017,2017,3,2,0,29,23,23,14.50,27,107.40,0,0,0,4,0,India,1,0,0,0
A Nehra (2009-2017),2009-2017,2009,2017,27,5,0,28,22,22,5.60,39,71.79,0,0,3,1,2,India,1,0,0,0
AB Dinda (2009-2012),2009-2012,2009,2012,9,2,1,22,19,19,22.00,24,91.66,0,0,0,1,0,India,1,0,0,0
S Sreesanth (2006-2008),2006-2008,2006,2008,10,3,2,20,19*,19,20.00,14,142.85,0,0,1,4,0,India,1,0,0,0
SV Samson (2015-2015),2015-2015,2015,2015,1,1,0,19,19,19,19.00,24,79.16,0,0,0,1,0,India,1,0,0,0
B Kumar (2012-2017),2012-2017,2012,2017,23,6,3,18,9,9,6.00,24,75.00,0,0,1,0,0,India,1,0,0,0
Kuldeep Yadav (2017-2017),2017-2017,2017,2017,5,1,0,16,16,16,16.00,19,84.21,0,0,0,1,0,India,1,0,0,0
AB Agarkar (2006-2007),2006-2007,2006,2007,4,2,0,15,14,14,7.50,11,136.36,0,0,0,2,0,India,1,0,0,0
MK Tiwary (2011-2012),2011-2012,2011,2012,3,1,0,15,15,15,15.00,17,88.23,0,0,0,0,0,India,1,0,0,0
Z Khan (2006-2012),2006-2012,2006,2012,17,4,2,13,9,9,6.50,10,130.00,0,0,0,0,1,India,1,0,0,0
NV Ojha (2010-2010),2010-2010,2010,2010,2,2,0,12,10,10,6.00,27,44.44,0,0,0,2,0,India,1,0,0,0
PP Ojha (2009-2010),2009-2010,2009,2010,6,1,1,10,10*,10,-,6,166.66,0,0,0,0,1,India,1,0,0,0
SR Tendulkar (2006-2006),2006-2006,2006,2006,1,1,0,10,10,10,10.00,12,83.33,0,0,0,2,0,India,1,0,0,0
JJ Bumrah (2016-2017),2016-2017,2016,2017,30,6,4,8,7,7,4.00,13,61.53,0,0,1,1,0,India,1,0,0,0
I Sharma (2008-2013),2008-2013,2008,2013,14,3,2,8,5*,5,8.00,9,88.88,0,0,1,1,0,India,1,0,0,0
P Kumar (2008-2012),2008-2012,2008,2012,10,3,0,7,6,6,2.33,16,43.75,0,0,1,0,0,India,1,0,0,0
Parvez Rasool (2017-2017),2017-2017,2017,2017,1,1,0,5,5,5,5.00,6,83.33,0,0,0,0,0,India,1,0,0,0
YS Chahal (2016-2017),2016-2017,2016,2017,12,1,1,3,3*,3,-,2,150.00,0,0,0,0,0,India,1,0,0,0
MM Sharma (2014-2015),2014-2015,2014,2015,8,2,2,3,3*,3,-,7,42.85,0,0,0,0,0,India,1,0,0,0
RP Singh (2007-2009),2007-2009,2007,2009,10,2,2,3,2*,2,-,3,100.00,0,0,0,0,0,India,1,0,0,0
R Vinay Kumar (2010-2013),2010-2013,2010,2013,9,1,1,2,2*,2,-,4,50.00,0,0,0,0,0,India,1,0,0,0
R Dhawan (2016-2016),2016-2016,2016,2016,1,1,1,1,1*,1,-,2,50.00,0,0,0,0,0,India,1,0,0,0
DS Kulkarni (2016-2016),2016-2016,2016,2016,2,1,1,1,1*,1,-,1,100.00,0,0,0,0,0,India,1,0,0,0
Sandeep Sharma (2015-2015),2015-2015,2015,2015,2,1,1,1,1*,1,-,1,100.00,0,0,0,0,0,India,1,0,0,0
PP Chawla (2010-2012),2010-2012,2010,2012,7,1,0,0,0,0,0.00,1,0.00,0,0,1,0,0,India,1,0,0,0
A Mishra (2010-2017),2010-2017,2010,2017,10,1,0,0,0,0,0.00,0,-,0,0,1,0,0,India,1,0,0,0
MM Patel (2011-2011),2011-2011,2011,2011,3,1,0,0,0,0,0.00,1,0.00,0,0,1,0,0,India,1,0,0,0
S Aravind (2015-2015),2015-2015,2015,2015,1,-,-,-,-,-,-,-,-,-,-,-,-,-,India,1,0,0,0
P Awana (2012-2012),2012-2012,2012,2012,2,-,-,-,-,-,-,-,-,-,-,-,-,-,India,1,0,0,0
L Balaji (2012-2012),2012-2012,2012,2012,5,-,-,-,-,-,-,-,-,-,-,-,-,-,India,1,0,0,0
Joginder Sharma (2007-2007),2007-2007,2007,2007,4,-,-,-,-,-,-,-,-,-,-,-,-,-,India,1,0,0,0
M Kartik (2007-2007),2007-2007,2007,2007,1,-,-,-,-,-,-,-,-,-,-,-,-,-,India,1,0,0,0
Mohammed Shami (2014-2017),2014-2017,2014,2017,7,-,-,-,-,-,-,-,-,-,-,-,-,-,India,1,0,0,0
Mohammed Siraj (2017-2017),2017-2017,2017,2017,1,-,-,-,-,-,-,-,-,-,-,-,-,-,India,1,0,0,0
P Negi (2016-2016),2016-2016,2016,2016,1,-,-,-,-,-,-,-,-,-,-,-,-,-,India,1,0,0,0
KV Sharma (2014-2014),2014-2014,2014,2014,1,-,-,-,-,-,-,-,-,-,-,-,-,-,India,1,0,0,0
R Sharma (2012-2012),2012-2012,2012,2012,2,-,-,-,-,-,-,-,-,-,-,-,-,-,India,1,0,0,0
BB Sran (2016-2016),2016-2016,2016,2016,2,-,-,-,-,-,-,-,-,-,-,-,-,-,India,1,0,0,0
S Tyagi (2009-2009),2009-2009,2009,2009,1,-,-,-,-,-,-,-,-,-,-,-,-,-,India,1,0,0,0
JD Unadkat (2016-2016),2016-2016,2016,2016,1,-,-,-,-,-,-,-,-,-,-,-,-,-,India,1,0,0,0
UT Yadav (2012-2012),2012-2012,2012,2012,1,-,-,-,-,-,-,-,-,-,-,-,-,-,India,1,0,0,0
Shoaib Malik (2006-2017),2006-2017,2006,2017,92,86,24,1821,75,75,29.37,1548,117.63,0,6,1,152,43,Pakistan,1,1,1,0
Umar Akmal (2009-2016),2009-2016,2009,2016,82,77,14,1690,94,94,26.82,1375,122.90,0,8,8,122,55,Pakistan,1,1,1,1
Mohammad Hafeez (2006-2017),2006-2017,2006,2017,81,78,5,1658,86,86,22.71,1457,113.79,0,9,5,178,39,Pakistan,1,1,0,0
Shahid Afridi (2006-2016),2006-2016,2006,2016,98,90,12,1405,54*,54,18.01,932,150.75,0,4,8,102,73,Pakistan,1,1,0,1
Ahmed Shehzad (2009-2017),2009-2017,2009,2017,53,53,2,1353,111*,111,26.52,1171,115.54,1,7,2,145,29,Pakistan,1,1,1,0
Kamran Akmal (2006-2017),2006-2017,2006,2017,58,53,6,987,73,73,21.00,825,119.63,0,5,7,100,31,Pakistan,1,0,0,0
Misbah-ul-Haq (2007-2012),2007-2012,2007,2012,39,34,13,788,87*,87,37.52,715,110.20,0,3,2,45,26,Pakistan,1,0,1,0
Salman Butt (2007-2010),2007-2010,2007,2010,24,23,2,595,74,74,28.33,551,107.98,0,3,1,66,10,Pakistan,1,0,1,0
Imran Nazir (2007-2012),2007-2012,2007,2012,25,24,1,500,72,72,21.73,370,135.13,0,3,2,59,22,Pakistan,1,0,0,1
Babar Azam (2016-2017),2016-2017,2016,2017,14,14,4,468,86,86,46.80,384,121.87,0,2,0,44,6,Pakistan,1,0,0,1
Younis Khan (2006-2010),2006-2010,2006,2010,25,23,3,442,51,51,22.10,364,121.42,0,2,2,31,12,Pakistan,1,0,0,1
Abdul Razzaq (2006-2013),2006-2013,2006,2013,32,29,10,393,46*,46,20.68,337,116.61,0,0,2,21,21,Pakistan,1,0,0,0
Sarfraz Ahmed (2010-2017),2010-2017,2010,2017,35,24,9,391,76*,76,26.06,335,116.71,0,2,1,37,4,Pakistan,1,0,1,0
Nasir Jamshed (2012-2013),2012-2013,2012,2013,18,18,1,363,56,56,21.35,320,113.43,0,2,1,34,12,Pakistan,1,0,0,0
Sharjeel Khan (2013-2016),2013-2016,2013,2016,15,15,0,360,59,59,24.00,262,137.40,0,2,0,48,13,Pakistan,1,0,0,1
Khalid Latif (2008-2016),2008-2016,2008,2016,13,13,2,237,59*,59,21.54,229,103.49,0,1,1,25,6,Pakistan,1,0,0,0
Sohaib Maqsood (2013-2016),2013-2016,2013,2016,20,18,2,221,37,37,13.81,201,109.95,0,0,2,15,8,Pakistan,1,0,0,0
Sohail Tanvir (2007-2017),2007-2017,2007,2017,57,25,8,196,41,41,11.52,164,119.51,0,0,2,16,9,Pakistan,1,0,0,0
Fawad Alam (2007-2010),2007-2010,2007,2010,24,17,6,194,28,28,17.63,169,114.79,0,0,1,7,7,Pakistan,1,0,0,0
Asad Shafiq (2010-2012),2010-2012,2010,2012,10,10,0,192,38,38,19.20,185,103.78,0,0,0,19,2,Pakistan,1,0,0,0
Mukhtar Ahmed (2015-2015),2015-2015,2015,2015,6,6,0,192,83,83,32.00,134,143.28,0,2,0,23,5,Pakistan,1,0,0,0
Umar Gul (2007-2016),2007-2016,2007,2016,60,27,9,165,32,32,9.16,156,105.76,0,0,6,11,10,Pakistan,1,0,0,0
Fakhar Zaman (2017-2017),2017-2017,2017,2017,9,8,0,130,31,31,16.25,118,110.16,0,0,0,12,2,Pakistan,1,0,0,0
Wahab Riaz (2008-2017),2008-2017,2008,2017,27,14,4,126,30*,30,12.60,107,117.75,0,0,2,9,5,Pakistan,1,0,0,0
Imad Wasim (2015-2017),2015-2017,2015,2017,25,15,5,122,24*,24,12.20,81,150.61,0,0,4,9,6,Pakistan,1,0,0,0
Umar Amin (2013-2017),2013-2017,2013,2017,11,7,0,121,47,47,17.28,109,111.00,0,0,2,15,1,Pakistan,1,0,0,0
Shahzaib Hasan (2009-2010),2009-2010,2009,2010,10,10,0,116,35,35,11.60,130,89.23,0,0,3,13,3,Pakistan,1,0,0,0
Anwar Ali (2008-2016),2008-2016,2008,2016,16,11,4,109,46,46,15.57,77,141.55,0,0,0,6,6,Pakistan,1,0,0,0
Mohammad Rizwan (2015-2016),2015-2016,2015,2016,10,7,1,106,33*,33,17.66,109,97.24,0,0,0,9,1,Pakistan,1,0,0,0
Yasir Arafat (2007-2012),2007-2012,2007,2012,13,11,4,92,17,17,13.14,79,116.45,0,0,0,8,2,Pakistan,1,0,0,0
Saeed Ajmal (2009-2015),2009-2015,2009,2015,64,23,12,91,21*,21,8.27,86,105.81,0,0,3,7,2,Pakistan,1,0,0,0
Imran Farhat (2010-2011),2010-2011,2010,2011,7,7,0,76,19,19,10.85,70,108.57,0,0,1,14,0,Pakistan,1,0,0,0
Awais Zia (2012-2014),2012-2014,2012,2014,5,5,0,70,23,23,14.00,80,87.50,0,0,0,4,3,Pakistan,1,0,0,0
Shoaib Khan jnr (2008-2008),2008-2008,2008,2008,4,4,0,65,50,50,16.25,74,87.83,0,1,1,7,0,Pakistan,1,0,0,0
Mohammad Yousuf (2006-2010),2006-2010,2006,2010,3,3,0,50,26,26,16.66,43,116.27,0,0,0,5,1,Pakistan,1,0,0,0
Haris Sohail (2013-2015),2013-2015,2013,2015,4,4,1,45,30*,30,15.00,49,91.83,0,0,0,1,1,Pakistan,1,0,0,0
Saad Nasim (2014-2014),2014-2014,2014,2014,3,2,0,44,25,25,22.00,53,83.01,0,0,0,0,1,Pakistan,1,0,0,0
Mohammad Amir (2009-2017),2009-2017,2009,2017,32,8,3,41,21*,21,8.20,51,80.39,0,0,1,1,2,Pakistan,1,0,0,0
Rafatullah Mohmand (2015-2015),2015-2015,2015,2015,3,3,0,39,23,23,13.00,45,86.66,0,0,1,4,0,Pakistan,1,0,0,0
Hammad Azam (2012-2013),2012-2013,2012,2013,5,4,1,34,21,21,11.33,34,100.00,0,0,0,3,1,Pakistan,1,0,0,0
Shadab Khan (2017-2017),2017-2017,2017,2017,10,3,2,32,16*,16,32.00,20,160.00,0,0,0,2,1,Pakistan,1,0,0,0
Zulfiqar Babar (2013-2014),2013-2014,2013,2014,7,3,3,27,13*,13,-,27,100.00,0,0,0,2,1,Pakistan,1,0,0,0
Rameez Raja (2) (2011-2011),2011-2011,2011,2011,2,2,0,24,23,23,12.00,29,82.75,0,0,0,2,0,Pakistan,1,0,0,0
Bilawal Bhatti (2013-2015),2013-2015,2013,2015,9,4,2,23,13*,13,11.50,14,164.28,0,0,1,2,1,Pakistan,1,0,0,0
Zulqarnain Haider (2007-2010),2007-2010,2007,2010,3,3,0,23,17,17,7.66,30,76.66,0,0,0,1,0,Pakistan,1,0,0,0
Abdur Rehman (2007-2013),2007-2013,2007,2013,8,5,3,22,7*,7,11.00,29,75.86,0,0,0,0,0,Pakistan,1,0,0,0
Mohammad Sami (2010-2016),2010-2016,2010,2016,13,4,3,21,8,8,21.00,30,70.00,0,0,0,2,0,Pakistan,1,0,0,0
Shoaib Akhtar (2006-2010),2006-2010,2006,2010,15,6,3,21,8*,8,7.00,16,131.25,0,0,1,2,1,Pakistan,1,0,0,0
Nauman Anwar (2015-2015),2015-2015,2015,2015,1,1,0,18,18,18,18.00,10,180.00,0,0,0,2,1,Pakistan,1,0,0,0
Naved-ul-Hasan (2006-2010),2006-2010,2006,2010,4,2,1,18,17*,17,18.00,16,112.50,0,0,0,0,2,Pakistan,1,0,0,0
Raza Hasan (2012-2014),2012-2014,2012,2014,10,4,4,18,13*,13,-,25,72.00,0,0,0,2,0,Pakistan,1,0,0,0
Faheem Ashraf (2017-2017),2017-2017,2017,2017,4,3,2,17,13*,13,17.00,10,170.00,0,0,0,0,2,Pakistan,1,0,0,0
Inzamam-ul-Haq (2006-2006),2006-2006,2006,2006,1,1,1,11,11*,11,-,15,73.33,0,0,0,0,1,Pakistan,1,0,0,0
Khurram Manzoor (2016-2016),2016-2016,2016,2016,3,3,0,11,10,10,3.66,27,40.74,0,0,1,1,0,Pakistan,1,0,0,0
Yasir Shah (2011-2011),2011-2011,2011,2011,2,1,1,11,11*,11,-,7,157.14,0,0,0,1,0,Pakistan,1,0,0,0
Mohammad Asif (2006-2010),2006-2010,2006,2010,11,3,3,9,5*,5,-,3,300.00,0,0,0,2,0,Pakistan,1,0,0,0
Mohammad Salman (2011-2011),2011-2011,2011,2011,1,1,0,5,5,5,5.00,6,83.33,0,0,0,0,0,Pakistan,1,0,0,0
Mohammad Irfan (2012-2016),2012-2016,2012,2016,20,4,4,4,2*,2,-,8,50.00,0,0,0,0,0,Pakistan,1,0,0,0
Hasan Ali (2016-2017),2016-2017,2016,2017,12,2,2,3,3*,3,-,2,150.00,0,0,0,0,0,Pakistan,1,0,0,0
Junaid Khan (2011-2014),2011-2014,2011,2014,9,2,2,3,3*,3,-,4,75.00,0,0,0,0,0,Pakistan,1,0,0,0
Usman Khan (2013-2017),2013-2017,2013,2017,6,1,1,2,2*,2,-,3,66.66,0,0,0,0,0,Pakistan,1,0,0,0
Sohail Khan (2008-2017),2008-2017,2008,2017,5,1,1,1,1*,1,-,1,100.00,0,0,0,0,0,Pakistan,1,0,0,0
Aizaz Cheema (2011-2012),2011-2012,2011,2012,5,1,1,0,0*,0,-,3,0.00,0,0,0,0,0,Pakistan,1,0,0,0
Iftikhar Ahmed (2016-2016),2016-2016,2016,2016,1,1,1,0,0*,0,-,0,-,0,0,0,0,0,Pakistan,1,0,0,0
Imran Khan (1) (2015-2015),2015-2015,2015,2015,3,1,0,0,0,0,0.00,1,0.00,0,0,1,0,0,Pakistan,1,0,0,0
Shakeel Ansar (2012-2012),2012-2012,2012,2012,2,1,0,0,0,0,0.00,1,0.00,0,0,1,0,0,Pakistan,1,0,0,0
Aamer Yamin (2015-2015),2015-2015,2015,2015,1,-,-,-,-,-,-,-,-,-,-,-,-,-,Pakistan,1,0,0,0
Abdur Rauf (2008-2008),2008-2008,2008,2008,1,-,-,-,-,-,-,-,-,-,-,-,-,-,Pakistan,1,0,0,0
Asad Ali (2013-2013),2013-2013,2013,2013,2,-,-,-,-,-,-,-,-,-,-,-,-,-,Pakistan,1,0,0,0
Iftikhar Anjum (2007-2009),2007-2009,2007,2009,2,-,-,-,-,-,-,-,-,-,-,-,-,-,Pakistan,1,0,0,0
Mansoor Amjad (2008-2008),2008-2008,2008,2008,1,-,-,-,-,-,-,-,-,-,-,-,-,-,Pakistan,1,0,0,0
Mohammad Nawaz (3) (2016-2017),2016-2017,2016,2017,7,-,-,-,-,-,-,-,-,-,-,-,-,-,Pakistan,1,0,0,0
Rumman Raees (2016-2017),2016-2017,2016,2017,5,-,-,-,-,-,-,-,-,-,-,-,-,-,Pakistan,1,0,0,0
Shabbir Ahmed (2007-2007),2007-2007,2007,2007,1,-,-,-,-,-,-,-,-,-,-,-,-,-,Pakistan,1,0,0,0
Tanvir Ahmed (2010-2010),2010-2010,2010,2010,1,-,-,-,-,-,-,-,-,-,-,-,-,-,Pakistan,1,0,0,0
TM Dilshan (2006-2016),2006-2016,2006,2016,80,79,12,1889,104*,104,28.19,1567,120.54,1,13,10,223,33,Sri Lanka,1,1,1,1
DPMD Jayawardene (2006-2014),2006-2014,2006,2014,55,55,8,1493,100,100,31.76,1121,133.18,1,9,4,173,33,Sri Lanka,1,1,1,1
KC Sangakkara (2006-2014),2006-2014,2006,2014,56,53,9,1382,78,78,31.40,1156,119.55,0,8,2,139,20,Sri Lanka,1,1,1,0
AD Mathews (2009-2017),2009-2017,2009,2017,69,55,18,1054,81*,81,28.48,883,119.36,0,5,0,67,35,Sri Lanka,1,1,1,0
LD Chandimal (2010-2017),2010-2017,2010,2017,48,42,2,720,58,58,18.00,697,103.29,0,4,0,65,15,Sri Lanka,1,0,0,0
MDKJ Perera (2013-2017),2013-2017,2013,2017,27,27,0,716,84,84,26.51,542,132.10,0,6,0,76,24,Sri Lanka,1,0,1,1
CK Kapugedera (2006-2017),2006-2017,2006,2017,43,38,7,703,50,50,22.67,591,118.95,0,1,0,58,25,Sri Lanka,1,0,0,0
NLTC Perera (2010-2017),2010-2017,2010,2017,60,51,18,684,49,49,20.72,486,140.74,0,0,5,56,30,Sri Lanka,1,0,0,1
ST Jayasuriya (2006-2011),2006-2011,2006,2011,31,30,3,629,88,88,23.29,487,129.15,0,4,4,76,23,Sri Lanka,1,0,0,1
HDRL Thirimanne (2012-2016),2012-2016,2012,2016,26,20,2,291,44,44,16.16,267,108.98,0,0,1,27,5,Sri Lanka,1,0,0,0
TAM Siriwardana (2015-2017),2015-2017,2015,2017,22,19,3,275,42,42,17.18,208,132.21,0,0,4,16,12,Sri Lanka,1,0,0,0
J Mubarak (2007-2009),2007-2009,2007,2009,16,15,4,238,46*,46,21.63,188,126.59,0,0,2,21,8,Sri Lanka,1,0,0,0
WU Tharanga (2006-2017),2006-2017,2006,2017,17,17,0,221,37,37,13.00,192,115.10,0,0,3,26,4,Sri Lanka,1,0,0,0
KMDN Kulasekara (2008-2017),2008-2017,2008,2017,58,30,9,215,31,31,10.23,184,116.84,0,0,4,14,7,Sri Lanka,1,0,0,0
EMDY Munaweera (2012-2017),2012-2017,2012,2017,13,13,1,215,53,53,17.91,164,131.09,0,1,1,25,7,Sri Lanka,1,0,0,0
S Prasanna (2013-2017),2013-2017,2013,2017,20,20,6,214,37*,37,15.28,161,132.91,0,0,0,13,13,Sri Lanka,1,0,0,0
N Dickwella (2016-2017),2016-2017,2016,2017,9,8,0,199,68,68,24.87,137,145.25,0,1,0,32,4,Sri Lanka,1,0,0,0
BMAJ Mendis (2011-2013),2011-2013,2011,2013,16,12,3,197,43*,43,21.88,158,124.68,0,0,1,18,5,Sri Lanka,1,0,0,0
DAS Gunaratne (2016-2017),2016-2017,2016,2017,9,9,3,185,84*,84,30.83,136,136.02,0,2,1,16,6,Sri Lanka,1,0,0,0
LPC Silva (2006-2011),2006-2011,2006,2011,16,15,2,175,38,38,13.46,177,98.87,0,0,0,19,3,Sri Lanka,1,0,0,0
MD Gunathilaka (2016-2017),2016-2017,2016,2017,8,8,0,169,51,51,21.12,142,119.01,0,1,0,16,4,Sri Lanka,1,0,0,0
DM de Silva (2015-2017),2015-2017,2015,2017,7,7,0,167,62,62,23.85,154,108.44,0,1,0,10,2,Sri Lanka,1,0,0,0
MD Shanaka (2015-2017),2015-2017,2015,2017,16,16,1,167,54,54,11.13,160,104.37,0,1,4,10,11,Sri Lanka,1,0,0,0
GSNFG Jayasuriya (2015-2016),2015-2016,2015,2016,11,10,0,157,40,40,15.70,141,111.34,0,0,0,11,7,Sri Lanka,1,0,0,0
ML Udawatte (2008-2017),2008-2017,2008,2017,8,8,0,96,25,25,12.00,87,110.34,0,0,2,10,2,Sri Lanka,1,0,0,0
BKG Mendis (2016-2017),2016-2017,2016,2017,8,8,0,74,22,22,9.25,60,123.33,0,0,0,6,3,Sri Lanka,1,0,0,0
SL Malinga (2006-2017),2006-2017,2006,2017,68,21,8,73,27,27,5.61,94,77.65,0,0,5,3,3,Sri Lanka,1,0,0,0
S Samarawickrama (2017-2017),2017-2017,2017,2017,3,3,0,59,32,32,19.66,61,96.72,0,0,0,4,0,Sri Lanka,1,0,0,0
SMSM Senanayake (2012-2016),2012-2016,2012,2016,24,12,6,56,17,17,9.33,66,84.84,0,0,2,3,1,Sri Lanka,1,0,0,0
SMA Priyanjan (2017-2017),2017-2017,2017,2017,3,3,2,54,40*,40,54.00,62,87.09,0,0,0,1,2,Sri Lanka,1,0,0,0
CU Jayasinghe (2009-2010),2009-2010,2009,2010,5,3,2,49,38,38,49.00,49,100.00,0,0,0,3,1,Sri Lanka,1,0,0,0
K Weeraratne (2008-2009),2008-2009,2008,2009,5,5,2,49,20*,20,16.33,45,108.88,0,0,0,4,1,Sri Lanka,1,0,0,0
KDK Vithanage (2014-2016),2014-2016,2014,2016,3,3,0,40,38,38,13.33,34,117.64,0,0,0,7,0,Sri Lanka,1,0,0,0
MF Maharoof (2006-2016),2006-2016,2006,2016,8,5,1,33,13*,13,8.25,43,76.74,0,0,1,0,1,Sri Lanka,1,0,0,0
RJMGM Rupasinghe (2009-2009),2009-2009,2009,2009,2,2,0,33,18,18,16.50,39,84.61,0,0,0,2,0,Sri Lanka,1,0,0,0
WPUJC Vaas (2006-2007),2006-2007,2006,2007,6,2,1,33,21,21,33.00,41,80.48,0,0,0,1,0,Sri Lanka,1,0,0,0
SS Pathirana (2016-2017),2016-2017,2016,2017,5,5,0,27,14,14,5.40,24,112.50,0,0,0,3,0,Sri Lanka,1,0,0,0
I Udana (2009-2017),2009-2017,2009,2017,13,7,3,27,19*,19,6.75,24,112.50,0,0,2,3,1,Sri Lanka,1,0,0,0
CRD Fernando (2006-2016),2006-2016,2006,2016,18,7,2,25,21,21,5.00,27,92.59,0,0,2,4,0,Sri Lanka,1,0,0,0
PC de Silva (2017-2017),2017-2017,2017,2017,1,1,0,21,21,21,21.00,20,105.00,0,0,0,1,0,Sri Lanka,1,0,0,0
JRMVB Sanjaya (2017-2017),2017-2017,2017,2017,8,5,2,20,6,6,6.66,18,111.11,0,0,0,3,0,Sri Lanka,1,0,0,0
HGJM Kulatunga (2008-2008),2008-2008,2008,2008,2,2,0,19,11,11,9.50,38,50.00,0,0,0,0,0,Sri Lanka,1,0,0,0
RLB Rambukwella (2013-2016),2013-2016,2013,2016,2,1,0,19,19,19,19.00,16,118.75,0,0,0,1,1,Sri Lanka,1,0,0,0
LHD Dilhara (2008-2008),2008-2008,2008,2008,2,1,1,18,18*,18,-,9,200.00,0,0,0,0,1,Sri Lanka,1,0,0,0
PVD Chameera (2015-2016),2015-2016,2015,2016,13,7,6,16,9*,9,16.00,20,80.00,0,0,1,1,0,Sri Lanka,1,0,0,0
JDF Vandersay (2015-2016),2015-2016,2015,2016,7,5,4,15,8*,8,15.00,17,88.23,0,0,0,2,0,Sri Lanka,1,0,0,0
SHT Kandamby (2008-2011),2008-2011,2008,2011,5,4,0,13,10,10,3.25,21,61.90,0,0,1,0,0,Sri Lanka,1,0,0,0
HMCM Bandara (2006-2009),2006-2009,2006,2009,4,3,1,12,7,7,6.00,15,80.00,0,0,0,0,0,Sri Lanka,1,0,0,0
KS Lokuarachchi (2012-2012),2012-2012,2012,2012,2,2,0,11,11,11,5.50,13,84.61,0,0,1,1,0,Sri Lanka,1,0,0,0
B Fernando (2015-2015),2015-2015,2015,2015,2,1,1,8,8*,8,-,12,66.66,0,0,0,1,0,Sri Lanka,1,0,0,0
HMRKB Herath (2011-2016),2011-2016,2011,2016,17,6,3,8,3,3,2.66,12,66.66,0,0,0,0,0,Sri Lanka,1,0,0,0
S Randiv (2010-2011),2010-2011,2010,2011,7,2,0,8,6,6,4.00,6,133.33,0,0,0,1,0,Sri Lanka,1,0,0,0
BAW Mendis (2008-2014),2008-2014,2008,2014,39,8,5,8,4*,4,2.66,17,47.05,0,0,0,1,0,Sri Lanka,1,0,0,0
RP Arnold (2006-2006),2006-2006,2006,2006,1,1,0,7,7,7,7.00,7,100.00,0,0,0,0,0,Sri Lanka,1,0,0,0
RMS Eranga (2012-2013),2012-2013,2012,2013,3,1,0,6,6,6,6.00,7,85.71,0,0,0,1,0,Sri Lanka,1,0,0,0
MS Atapattu (2006-2006),2006-2006,2006,2006,2,1,0,5,5,5,5.00,8,62.50,0,0,0,0,0,Sri Lanka,1,0,0,0
AK Perera (2013-2014),2013-2014,2013,2014,2,1,0,4,4,4,4.00,8,50.00,0,0,0,0,0,Sri Lanka,1,0,0,0
T Thushara (2008-2010),2008-2010,2008,2010,6,2,0,4,3,3,2.00,8,50.00,0,0,0,0,0,Sri Lanka,1,0,0,0
ST de Silva (2017-2017),2017-2017,2017,2017,3,2,0,3,3,3,1.50,7,42.85,0,0,1,0,0,Sri Lanka,1,0,0,0
CAK Rajitha (2016-2016),2016-2016,2016,2016,3,2,2,3,3*,3,-,12,25.00,0,0,0,0,0,Sri Lanka,1,0,0,0
KMC Bandara (2016-2016),2016-2016,2016,2016,1,1,1,2,2*,2,-,4,50.00,0,0,0,0,0,Sri Lanka,1,0,0,0
RAS Lakmal (2011-2017),2011-2017,2011,2017,9,4,2,2,1*,1,1.00,4,50.00,0,0,1,0,0,Sri Lanka,1,0,0,0
UWMBCA Welegedara (2010-2010),2010-2010,2010,2010,2,1,1,2,2*,2,-,3,66.66,0,0,0,0,0,Sri Lanka,1,0,0,0
M Muralitharan (2006-2010),2006-2010,2006,2010,12,2,0,1,1,1,0.50,5,20.00,0,0,1,0,0,Sri Lanka,1,0,0,0
MDK Perera (2011-2011),2011-2011,2011,2011,3,2,0,1,1,1,0.50,6,16.66,0,0,1,0,0,Sri Lanka,1,0,0,0
G Wijekoon (2007-2007),2007-2007,2007,2007,3,2,1,1,1*,1,1.00,5,20.00,0,0,1,0,0,Sri Lanka,1,0,0,0
A Dananjaya (2012-2017),2012-2017,2012,2017,6,1,1,0,0*,0,-,0,-,0,0,0,0,0,Sri Lanka,1,0,0,0
N Pradeep (2016-2017),2016-2017,2016,2017,2,1,0,0,0,0,0.00,1,0.00,0,0,1,0,0,Sri Lanka,1,0,0,0
PDRL Perera (2006-2006),2006-2006,2006,2006,2,2,2,0,0*,0,-,0,-,0,0,0,0,0,Sri Lanka,1,0,0,0
SI de Saram (2009-2009),2009-2009,2009,2009,1,-,-,-,-,-,-,-,-,-,-,-,-,-,Sri Lanka,1,0,0,0
KTGD Prasad (2011-2011),2011-2011,2011,2011,1,-,-,-,-,-,-,-,-,-,-,-,-,-,Sri Lanka,1,0,0,0
M Pushpakumara (2009-2009),2009-2009,2009,2009,1,-,-,-,-,-,-,-,-,-,-,-,-,-,Sri Lanka,1,0,0,0
PADLR Sandakan (2017-2017),2017-2017,2017,2017,3,-,-,-,-,-,-,-,-,-,-,-,-,-,Sri Lanka,1,0,0,0
H Masakadza (2006-2016),2006-2016,2006,2016,50,50,2,1413,93*,93,29.43,1180,119.74,0,10,0,131,51,Zimbabwe,1,1,1,0
E Chigumbura (2006-2016),2006-2016,2006,2016,47,46,8,789,54*,54,20.76,543,145.30,0,3,5,56,46,Zimbabwe,1,0,0,1
CJ Chibhabha (2006-2016),2006-2016,2006,2016,30,29,0,600,67,67,20.68,552,108.69,0,5,2,71,11,Zimbabwe,1,0,0,0
BRM Taylor (2006-2014),2006-2014,2006,2014,26,26,5,594,75*,75,28.28,480,123.75,0,5,4,52,17,Zimbabwe,1,0,1,1
MN Waller (2011-2016),2011-2016,2011,2016,28,27,5,567,68,68,25.77,414,136.95,0,1,2,38,26,Zimbabwe,1,0,1,1
V Sibanda (2007-2016),2007-2016,2007,2016,26,26,1,511,59,59,20.44,503,101.59,0,1,3,52,11,Zimbabwe,1,0,0,0
SC Williams (2006-2016),2006-2016,2006,2016,24,24,2,501,58*,58,22.77,409,122.49,0,3,2,48,8,Zimbabwe,1,0,0,1
Sikandar Raza (2013-2016),2013-2016,2013,2016,26,25,0,341,59,59,13.64,329,103.64,0,1,0,28,6,Zimbabwe,1,0,0,0
T Taibu (2007-2012),2007-2012,2007,2012,17,15,6,259,45*,45,28.77,257,100.77,0,0,2,19,2,Zimbabwe,1,0,0,0
CR Ervine (2010-2015),2010-2015,2010,2015,16,15,0,229,42,42,15.26,287,79.79,0,0,1,21,2,Zimbabwe,1,0,0,0
R Mutumbami (2015-2016),2015-2016,2015,2016,14,14,3,173,43,43,15.72,168,102.97,0,0,1,11,8,Zimbabwe,1,0,0,0
CK Coventry (2010-2015),2010-2015,2010,2015,13,12,2,127,30,30,12.70,90,141.11,0,0,2,14,6,Zimbabwe,1,0,0,0
PJ Moor (2016-2016),2016-2016,2016,2016,8,7,2,120,35,35,24.00,108,111.11,0,0,0,4,8,Zimbabwe,1,0,0,0
P Utseya (2006-2015),2006-2015,2006,2015,35,21,9,94,13*,13,7.83,115,81.73,0,0,3,6,1,Zimbabwe,1,0,0,0
T Maruma (2008-2016),2008-2016,2008,2016,10,10,4,86,23*,23,14.33,83,103.61,0,0,1,6,3,Zimbabwe,1,0,0,0
S Matsikenyeri (2006-2012),2006-2012,2006,2012,10,10,0,76,32,32,7.60,82,92.68,0,0,2,6,3,Zimbabwe,1,0,0,0
AG Cremer (2008-2016),2008-2016,2008,2016,27,18,6,65,17,17,5.41,93,69.89,0,0,2,2,0,Zimbabwe,1,0,0,0
LM Jongwe (2015-2016),2015-2016,2015,2016,8,7,0,60,34,34,8.57,65,92.30,0,0,2,4,1,Zimbabwe,1,0,0,0
N Madziva (2015-2016),2015-2016,2015,2016,9,7,4,60,28*,28,20.00,50,120.00,0,0,1,4,3,Zimbabwe,1,0,0,0
KM Dabengwa (2006-2010),2006-2010,2006,2010,8,7,3,46,16*,16,11.50,40,115.00,0,0,0,4,2,Zimbabwe,1,0,0,0
F Mutizwa (2011-2012),2011-2012,2011,2012,3,3,0,38,22,22,12.66,36,105.55,0,0,1,3,0,Zimbabwe,1,0,0,0
GA Lamb (2010-2010),2010-2010,2010,2010,5,4,2,32,14*,14,16.00,54,59.25,0,0,1,1,0,Zimbabwe,1,0,0,0
C Zhuwao (2008-2011),2008-2011,2008,2011,5,5,0,24,12,12,4.80,39,61.53,0,0,3,4,0,Zimbabwe,1,0,0,0
T Panyangara (2013-2016),2013-2016,2013,2016,14,5,4,23,17*,17,23.00,17,135.29,0,0,0,1,2,Zimbabwe,1,0,0,0
WP Masakadza (2015-2016),2015-2016,2015,2016,7,5,3,22,6*,6,11.00,27,81.48,0,0,0,2,0,Zimbabwe,1,0,0,0
RW Chakabva (2008-2015),2008-2015,2008,2015,5,5,0,18,13,13,3.60,40,45.00,0,0,2,1,0,Zimbabwe,1,0,0,0
SW Masakadza (2010-2013),2010-2013,2010,2013,7,5,1,18,9,9,4.50,24,75.00,0,0,1,1,0,Zimbabwe,1,0,0,0
CT Mutombodzi (2013-2016),2013-2016,2013,2016,5,5,1,18,12*,12,4.50,24,75.00,0,0,1,1,0,Zimbabwe,1,0,0,0
TS Chisoro (2015-2016),2015-2016,2015,2016,7,2,1,17,10,10,17.00,17,100.00,0,0,0,1,0,Zimbabwe,1,0,0,0
RW Price (2008-2012),2008-2012,2008,2012,16,9,4,15,7*,7,3.00,28,53.57,0,0,1,1,0,Zimbabwe,1,0,0,0
DT Tiripano (2016-2016),2016-2016,2016,2016,8,4,2,15,11*,11,7.50,22,68.18,0,0,1,0,1,Zimbabwe,1,0,0,0
CB Mpofu (2008-2015),2008-2015,2008,2015,20,5,3,13,6*,6,6.50,12,108.33,0,0,2,0,1,Zimbabwe,1,0,0,0
KM Jarvis (2011-2013),2011-2013,2011,2013,9,5,2,9,9*,9,3.00,17,52.94,0,0,3,0,0,Zimbabwe,1,0,0,0
AM Blignaut (2010-2010),2010-2010,2010,2010,1,1,0,8,8,8,8.00,8,100.00,0,0,0,1,0,Zimbabwe,1,0,0,0
TL Chatara (2010-2016),2010-2016,2010,2016,11,1,0,8,8,8,8.00,7,114.28,0,0,0,1,0,Zimbabwe,1,0,0,0
BV Vitori (2012-2016),2012-2016,2012,2016,11,2,2,8,7*,7,-,7,114.28,0,0,0,0,0,Zimbabwe,1,0,0,0
KO Meth (2012-2012),2012-2012,2012,2012,2,1,1,6,6*,6,-,6,100.00,0,0,0,0,0,Zimbabwe,1,0,0,0
T Mupariwa (2007-2008),2007-2008,2007,2008,4,2,2,5,3*,3,-,3,166.66,0,0,0,0,0,Zimbabwe,1,0,0,0
"N M'shangwe (2013-2014)",2013-2014,2013,2014,5,2,1,5,5*,5,5.00,4,125.00,0,0,1,1,0,Zimbabwe,1,0,0,0
GB Brent (2006-2007),2006-2007,2006,2007,3,1,0,2,2,2,2.00,5,40.00,0,0,0,0,0,Zimbabwe,1,0,0,0
AJ Ireland (2006-2006),2006-2006,2006,2006,1,1,1,2,2*,2,-,3,66.66,0,0,0,0,0,Zimbabwe,1,0,0,0
ML Nkala (2006-2006),2006-2006,2006,2006,1,1,0,1,1,1,1.00,3,33.33,0,0,0,0,0,Zimbabwe,1,0,0,0
EC Rainsford (2010-2010),2010-2010,2010,2010,2,1,1,1,1*,1,-,2,50.00,0,0,0,0,0,Zimbabwe,1,0,0,0
T Muzarabani (2015-2016),2015-2016,2015,2016,9,1,1,0,0*,0,-,2,0.00,0,0,0,0,0,Zimbabwe,1,0,0,0
TP Kamungozi (2014-2014),2014-2014,2014,2014,1,-,-,-,-,-,-,-,-,-,-,-,-,-,Zimbabwe,1,0,0,0
W Barresi (2012-2017),2012-2017,2012,2017,35,34,4,662,75*,75,22.06,569,116.34,0,3,3,55,20,Netherlands,1,0,0,0
SJ Myburgh (2012-2017),2012-2017,2012,2017,28,27,2,640,71*,71,25.60,519,123.31,0,5,5,73,21,Netherlands,1,0,1,1
PW Borren (2008-2017),2008-2017,2008,2017,43,38,5,638,57,57,19.33,524,121.75,0,1,2,60,18,Netherlands,1,0,0,1
MR Swart (2012-2016),2012-2016,2012,2016,26,25,2,621,89,89,27.00,537,115.64,0,4,1,53,16,Netherlands,1,0,1,0
BN Cooper (2013-2017),2013-2017,2013,2017,26,23,5,411,66,66,22.83,350,117.42,0,2,3,37,15,Netherlands,1,0,0,0
TLW Cooper (2012-2016),2012-2016,2012,2016,18,17,3,404,72*,72,28.85,306,132.02,0,2,2,38,16,Netherlands,1,0,0,1
AN Kervezee (2009-2012),2009-2012,2009,2012,10,10,1,289,58*,58,32.11,262,110.30,0,2,0,19,6,Netherlands,1,0,0,0
ES Szwarczynski (2008-2013),2008-2013,2008,2013,14,12,1,233,45,45,21.18,243,95.88,0,0,0,22,2,Netherlands,1,0,0,0
RN ten Doeschate (2008-2010),2008-2010,2008,2010,9,9,4,214,56,56,42.80,166,128.91,0,1,0,11,7,Netherlands,1,0,0,0
MJG Rippon (2013-2017),2013-2017,2013,2017,17,10,3,178,42,42,25.42,170,104.70,0,0,2,12,1,Netherlands,1,0,0,0
TN de Grooth (2008-2013),2008-2013,2008,2013,15,13,5,163,49,49,20.37,155,105.16,0,0,0,16,1,Netherlands,1,0,0,0
Mudassar Bukhari (2008-2016),2008-2016,2008,2016,38,26,8,157,28*,28,8.72,152,103.28,0,0,1,10,4,Netherlands,1,0,0,0
RE van der Merwe (2015-2017),2015-2017,2015,2017,11,9,3,117,40*,40,19.50,82,142.68,0,0,0,10,3,Netherlands,1,0,0,0
B Zuiderent (2009-2010),2009-2010,2009,2010,6,6,1,108,43*,43,21.60,124,87.09,0,0,0,8,1,Netherlands,1,0,0,0
DLS van Bunge (2008-2013),2008-2013,2008,2013,14,12,4,90,24,24,11.25,104,86.53,0,0,2,2,3,Netherlands,1,0,0,0
PM Seelaar (2008-2017),2008-2017,2008,2017,39,17,4,74,12,12,5.69,83,89.15,0,0,1,5,1,Netherlands,1,0,0,0
"MP O'Dowd (2015-2017)",2015-2017,2015,2017,8,7,2,69,17,17,13.80,69,100.00,0,0,0,1,2,Netherlands,1,0,0,0
DJ Reekers (2008-2009),2008-2009,2008,2009,6,5,0,64,29,29,12.80,49,130.61,0,0,1,10,2,Netherlands,1,0,0,0
TGJ Gruijters (2012-2013),2012-2013,2012,2013,8,5,3,51,21*,21,25.50,47,108.51,0,0,0,3,1,Netherlands,1,0,0,0
T van der Gugten (2012-2017),2012-2017,2012,2017,25,7,3,45,12*,12,11.25,44,102.27,0,0,0,1,2,Netherlands,1,0,0,0
RI Ahmed (2015-2015),2015-2015,2015,2015,2,2,0,38,25,25,19.00,50,76.00,0,0,0,2,0,Netherlands,1,0,0,0
Ahsan Malik (2012-2017),2012-2017,2012,2017,31,8,5,28,11*,11,9.33,30,93.33,0,0,1,1,1,Netherlands,1,0,0,0
PA van Meekeren (2013-2017),2013-2017,2013,2017,18,4,0,21,18,18,5.25,19,110.52,0,0,2,0,2,Netherlands,1,0,0,0
J Smits (2008-2009),2008-2009,2008,2009,6,2,1,15,11*,11,15.00,27,55.55,0,0,0,0,0,Netherlands,1,0,0,0
Sikander Zulfiqar (2016-2016),2016-2016,2016,2016,2,1,1,9,9*,9,-,12,75.00,0,0,0,0,0,Netherlands,1,0,0,0
TP Visee (2015-2017),2015-2017,2015,2017,4,4,0,9,5,5,2.25,17,52.94,0,0,2,1,0,Netherlands,1,0,0,0
E Schiferli (2008-2010),2008-2010,2008,2010,7,3,1,7,5*,5,3.50,16,43.75,0,0,1,0,0,Netherlands,1,0,0,0
LV van Beek (2014-2016),2014-2016,2014,2016,8,4,1,7,4*,4,2.33,15,46.66,0,0,0,0,0,Netherlands,1,0,0,0
DP Nannes (2009-2009),2009-2009,2009,2009,2,1,0,6,6,6,6.00,7,85.71,0,0,0,0,0,Netherlands,1,0,0,0
MBS Jonkman (2010-2010),2010-2010,2010,2010,3,1,0,1,1,1,1.00,8,12.50,0,0,0,0,0,Netherlands,1,0,0,0
VJ Kingma (2016-2016),2016-2016,2016,2016,1,1,0,1,1,1,1.00,4,25.00,0,0,0,0,0,Netherlands,1,0,0,0
AF Buurman (2010-2010),2010-2010,2010,2010,4,2,0,0,0,0,0.00,4,0.00,0,0,2,0,0,Netherlands,1,0,0,0
Mohammad Kashif (2010-2010),2010-2010,2010,2010,3,1,1,0,0*,0,-,0,-,0,0,0,0,0,Netherlands,1,0,0,0
HJC Mol (2008-2008),2008-2008,2008,2008,4,1,0,0,0,0,0.00,1,0.00,0,0,1,0,0,Netherlands,1,0,0,0
GMC Mol (2008-2008),2008-2008,2008,2008,1,-,-,-,-,-,-,-,-,-,-,-,-,-,Netherlands,1,0,0,0
JD Schoonheim (2008-2008),2008-2008,2008,2008,1,-,-,-,-,-,-,-,-,-,-,-,-,-,Netherlands,1,0,0,0
MB van Schelven (2015-2015),2015-2015,2015,2015,2,-,-,-,-,-,-,-,-,-,-,-,-,-,Netherlands,1,0,0,0
Babar Hayat (2014-2017),2014-2017,2014,2017,24,24,4,541,122,122,27.05,433,124.94,1,2,2,45,20,Hong Kong,1,0,1,1
MS Chapman (2014-2016),2014-2016,2014,2016,19,18,1,392,63*,63,23.05,347,112.96,0,1,0,34,9,Hong Kong,1,0,0,0
Nizakat Khan (2014-2017),2014-2017,2014,2017,23,21,0,377,62,62,17.95,314,120.06,0,2,3,27,15,Hong Kong,1,0,0,1
Anshuman Rath (2015-2017),2015-2017,2015,2017,20,19,2,321,44,44,18.88,344,93.31,0,0,1,31,2,Hong Kong,1,0,0,0
Tanwir Afzal (2014-2016),2014-2016,2014,2016,21,18,2,219,56,56,13.68,173,126.58,0,1,4,9,15,Hong Kong,1,0,0,0
JJ Atkinson (2014-2016),2014-2016,2014,2016,13,12,0,202,53,53,16.83,187,108.02,0,1,3,22,6,Hong Kong,1,0,0,0
Aizaz Khan (2014-2017),2014-2017,2014,2017,23,20,7,186,31,31,14.30,176,105.68,0,0,2,17,4,Hong Kong,1,0,0,0
Waqas Barkat (2014-2017),2014-2017,2014,2017,11,9,2,90,32,32,12.85,101,89.10,0,0,1,10,0,Hong Kong,1,0,0,0
Ehsan Khan (2016-2017),2016-2017,2016,2017,4,3,2,81,42*,42,81.00,62,130.64,0,0,0,6,4,Hong Kong,1,0,0,0
KD Shah (2014-2016),2014-2016,2014,2016,15,11,2,77,29,29,8.55,98,78.57,0,0,3,7,1,Hong Kong,1,0,0,0
Irfan Ahmed (2014-2015),2014-2015,2014,2015,8,8,0,76,34,34,9.50,83,91.56,0,0,2,4,6,Hong Kong,1,0,0,0
Waqas Khan (2014-2017),2014-2017,2014,2017,8,7,3,68,33*,33,17.00,89,76.40,0,0,1,3,2,Hong Kong,1,0,0,0
C Carter (2015-2017),2015-2017,2015,2017,10,5,1,55,17,17,13.75,63,87.30,0,0,0,3,0,Hong Kong,1,0,0,0
Shahid Wasif (2016-2017),2016-2017,2016,2017,4,4,2,49,40,40,24.50,33,148.48,0,0,0,3,1,Hong Kong,1,0,0,0
Haseeb Amjad (2014-2016),2014-2016,2014,2016,18,10,6,45,12*,12,11.25,45,100.00,0,0,0,3,1,Hong Kong,1,0,0,0
Munir Dar (2014-2014),2014-2014,2014,2014,2,2,0,39,36,36,19.50,33,118.18,0,0,0,3,1,Hong Kong,1,0,0,0
RJ Campbell (2016-2016),2016-2016,2016,2016,3,3,0,36,27,27,12.00,47,76.59,0,0,1,6,0,Hong Kong,1,0,0,0
Nadeem Ahmed (2014-2017),2014-2017,2014,2017,24,9,4,34,10,10,6.80,55,61.81,0,0,1,2,0,Hong Kong,1,0,0,0
Anas Khan (2014-2014),2014-2014,2014,2014,1,1,1,21,21*,21,-,28,75.00,0,0,0,2,0,Hong Kong,1,0,0,0
Tanveer Ahmed (2016-2017),2016-2017,2016,2017,5,2,1,7,7*,7,7.00,11,63.63,0,0,1,1,0,Hong Kong,1,0,0,0
Najeeb Amar (2014-2014),2014-2014,2014,2014,1,1,0,2,2,2,2.00,9,22.22,0,0,0,0,0,Hong Kong,1,0,0,0
Ehsan Nawaz (2014-2017),2014-2017,2014,2017,5,1,0,0,0,0,0.00,2,0.00,0,0,1,0,0,Hong Kong,1,0,0,0
A Mehmood (2016-2016),2016-2016,2016,2016,2,1,1,0,0*,0,-,1,0.00,0,0,0,0,0,Hong Kong,1,0,0,0
A Vala (2015-2017),2015-2017,2015,2017,9,9,1,139,34*,34,17.37,161,86.33,0,0,0,11,3,P.N.G.,1,0,0,0
S Bau (2016-2017),2016-2017,2016,2017,6,6,1,116,30,30,23.20,106,109.43,0,0,1,4,5,P.N.G.,1,0,0,0
MD Dai (2015-2017),2015-2017,2015,2017,9,8,0,105,31,31,13.12,128,82.03,0,0,0,4,0,P.N.G.,1,0,0,0
N Vanua (2015-2017),2015-2017,2015,2017,9,8,4,102,28*,28,25.50,62,164.51,0,0,1,4,7,P.N.G.,1,0,0,0
TP Ura (2015-2017),2015-2017,2015,2017,6,6,0,99,32,32,16.50,87,113.79,0,0,0,13,1,P.N.G.,1,0,0,0
CJA Amini (2015-2016),2015-2016,2015,2016,6,5,1,90,37*,37,22.50,97,92.78,0,0,0,4,1,P.N.G.,1,0,0,0
L Siaka (2015-2017),2015-2017,2015,2017,9,9,0,78,31,31,8.66,91,85.71,0,0,2,7,2,P.N.G.,1,0,0,0
JNT Vare (2015-2017),2015-2017,2015,2017,8,7,0,68,38,38,9.71,71,95.77,0,0,0,4,0,P.N.G.,1,0,0,0
K Pala (2015-2015),2015-2015,2015,2015,2,2,1,41,22*,22,41.00,30,136.66,0,0,0,4,2,P.N.G.,1,0,0,0
VV Morea (2015-2017),2015-2017,2015,2017,5,5,0,35,19,19,7.00,44,79.54,0,0,1,4,0,P.N.G.,1,0,0,0
CA Soper (2015-2017),2015-2017,2015,2017,5,3,2,18,8*,8,18.00,33,54.54,0,0,0,0,0,P.N.G.,1,0,0,0
JB Reva (2015-2017),2015-2017,2015,2017,6,4,0,16,7,7,4.00,22,72.72,0,0,0,1,1,P.N.G.,1,0,0,0
N Pokana (2016-2016),2016-2016,2016,2016,3,2,1,10,8*,8,10.00,17,58.82,0,0,0,0,0,P.N.G.,1,0,0,0
P Raho (2016-2016),2016-2016,2016,2016,2,2,2,10,8*,8,-,6,166.66,0,0,0,0,1,P.N.G.,1,0,0,0
A Nao (2017-2017),2017-2017,2017,2017,2,2,2,7,7*,7,-,4,175.00,0,0,0,1,0,P.N.G.,1,0,0,0
WT Gavera (2015-2017),2015-2017,2015,2017,6,2,0,3,2,2,1.50,6,50.00,0,0,0,0,0,P.N.G.,1,0,0,0
H Hiri (2016-2016),2016-2016,2016,2016,2,2,0,2,1,1,1.00,5,40.00,0,0,0,0,0,P.N.G.,1,0,0,0
L Nou (2015-2015),2015-2015,2015,2015,3,1,1,2,2*,2,-,3,66.66,0,0,0,0,0,P.N.G.,1,0,0,0
D Bau (2017-2017),2017-2017,2017,2017,1,-,-,-,-,-,-,-,-,-,-,-,-,-,P.N.G.,1,0,0,0
Shakib Al Hasan (2006-2017),2006-2017,2006,2017,61,61,8,1223,84,84,23.07,1009,121.20,0,6,4,121,27,Bangladesh,1,1,0,1
Tamim Iqbal (2007-2017),2007-2017,2007,2017,56,56,5,1202,103*,103,23.56,1044,115.13,1,4,4,131,28,Bangladesh,1,1,0,0
Mahmudullah (2007-2017),2007-2017,2007,2017,60,53,11,837,64*,64,19.92,724,115.60,0,3,2,61,29,Bangladesh,1,0,0,0
Sabbir Rahman (2014-2017),2014-2017,2014,2017,33,32,5,745,80,80,27.59,618,120.55,0,3,0,69,22,Bangladesh,1,0,1,1
Mushfiqur Rahim (2006-2017),2006-2017,2006,2017,61,53,9,741,50,50,16.84,655,113.12,0,1,3,61,19,Bangladesh,1,0,0,0
Soumya Sarkar (2015-2017),2015-2017,2015,2017,26,26,0,534,48,48,20.53,417,128.05,0,0,4,62,17,Bangladesh,1,0,0,1
Mohammad Ashraful (2007-2013),2007-2013,2007,2013,23,23,0,450,65,65,19.56,356,126.40,0,2,2,48,11,Bangladesh,1,0,0,1
Mashrafe Mortaza (2006-2017),2006-2017,2006,2017,54,39,11,377,36,36,13.46,277,136.10,0,0,6,28,23,Bangladesh,1,0,0,1
Nasir Hossain (2011-2016),2011-2016,2011,2016,31,24,4,370,50*,50,18.50,326,113.49,0,2,2,30,7,Bangladesh,1,0,0,0
Anamul Haque (2012-2015),2012-2015,2012,2015,13,13,2,355,58,58,32.27,301,117.94,0,1,1,38,12,Bangladesh,1,0,0,0
Aftab Ahmed (2006-2010),2006-2010,2006,2010,11,11,1,228,62*,62,22.80,178,128.08,0,1,0,26,6,Bangladesh,1,0,0,0
Nazimuddin (2007-2008),2007-2008,2007,2008,7,7,0,178,81,81,25.42,158,112.65,0,1,2,13,10,Bangladesh,1,0,0,0
Junaid Siddique (2007-2012),2007-2012,2007,2012,7,7,0,159,71,71,22.71,108,147.22,0,1,1,16,7,Bangladesh,1,0,0,0
Naeem Islam (2008-2013),2008-2013,2008,2013,10,10,1,130,28,28,14.44,114,114.03,0,0,0,8,7,Bangladesh,1,0,0,0
Imrul Kayes (2010-2017),2010-2017,2010,2017,14,13,0,119,36,36,9.15,134,88.80,0,0,4,14,3,Bangladesh,1,0,0,0
Ziaur Rahman (2012-2014),2012-2014,2012,2014,14,12,3,117,40*,40,13.00,91,128.57,0,0,3,3,10,Bangladesh,1,0,0,0
Mosaddek Hossain (2016-2017),2016-2017,2016,2017,6,6,1,99,34*,34,19.80,91,108.79,0,0,0,7,3,Bangladesh,1,0,0,0
Shamsur Rahman (2013-2014),2013-2014,2013,2014,9,8,0,86,53,53,10.75,85,101.17,0,1,2,12,1,Bangladesh,1,0,0,0
Mohammad Mithun (2014-2016),2014-2016,2014,2016,12,8,0,85,47,47,10.62,93,91.39,0,0,2,6,3,Bangladesh,1,0,0,0
Nurul Hasan (2016-2017),2016-2017,2016,2017,9,8,4,78,30*,30,19.50,63,123.80,0,0,1,9,0,Bangladesh,1,0,0,0
Farhad Reza (2006-2014),2006-2014,2006,2014,13,9,0,72,19,19,8.00,88,81.81,0,0,1,4,2,Bangladesh,1,0,0,0
Mohammad Saifuddin (2017-2017),2017-2017,2017,2017,4,3,1,68,39*,39,34.00,58,117.24,0,0,0,5,2,Bangladesh,1,0,0,0
Mominul Haque (2012-2014),2012-2014,2012,2014,6,4,1,60,26*,26,20.00,50,120.00,0,0,0,5,2,Bangladesh,1,0,0,0
Liton Das (2015-2017),2015-2017,2015,2017,4,4,0,58,22,22,14.50,52,111.53,0,0,0,3,2,Bangladesh,1,0,0,0
Alok Kapali (2007-2011),2007-2011,2007,2011,7,7,2,57,19,19,11.40,85,67.05,0,0,2,3,1,Bangladesh,1,0,0,0
Sohag Gazi (2012-2015),2012-2015,2012,2015,10,7,3,57,24,24,14.25,59,96.61,0,0,0,3,1,Bangladesh,1,0,0,0
Raqibul Hasan (2008-2010),2008-2010,2008,2010,5,5,0,51,18,18,10.20,62,82.25,0,0,0,3,1,Bangladesh,1,0,0,0
Abdur Razzak (2006-2014),2006-2014,2006,2014,34,20,10,41,9,9,4.10,74,55.40,0,0,5,1,0,Bangladesh,1,0,0,0
Shuvagata Hom (2016-2016),2016-2016,2016,2016,5,4,2,35,16*,16,17.50,35,100.00,0,0,0,3,1,Bangladesh,1,0,0,0
Arafat Sunny (2014-2016),2014-2016,2014,2016,10,6,3,34,10,10,11.33,30,113.33,0,0,0,3,1,Bangladesh,1,0,0,0
Jahurul Islam (2010-2013),2010-2013,2010,2013,3,3,0,31,18,18,10.33,23,134.78,0,0,0,3,1,Bangladesh,1,0,0,0
Mehidy Hasan Miraz (2017-2017),2017-2017,2017,2017,3,3,0,27,14,14,9.00,19,142.10,0,0,1,1,2,Bangladesh,1,0,0,0
Nadif Chowdhury (2006-2007),2006-2007,2006,2007,3,3,0,27,12,12,9.00,23,117.39,0,0,0,2,0,Bangladesh,1,0,0,0
Shahriar Nafees (2006-2006),2006-2006,2006,2006,1,1,0,25,25,25,25.00,17,147.05,0,0,0,3,1,Bangladesh,1,0,0,0
Rony Talukdar (2015-2015),2015-2015,2015,2015,1,1,0,21,21,21,21.00,22,95.45,0,0,0,0,1,Bangladesh,1,0,0,0
Taskin Ahmed (2014-2017),2014-2017,2014,2017,17,5,2,21,15*,15,7.00,22,95.45,0,0,1,2,1,Bangladesh,1,0,0,0
Muktar Ali (2016-2016),2016-2016,2016,2016,1,1,1,19,19*,19,-,15,126.66,0,0,0,1,1,Bangladesh,1,0,0,0
Shafiul Islam (2010-2017),2010-2017,2010,2017,12,5,1,19,16,16,4.75,27,70.37,0,0,1,1,1,Bangladesh,1,0,0,0
Mehrab Hossain jnr (2008-2009),2008-2009,2008,2009,2,2,1,16,10,10,16.00,25,64.00,0,0,0,1,0,Bangladesh,1,0,0,0
Rubel Hossain (2009-2017),2009-2017,2009,2017,16,9,7,15,8*,8,7.50,23,65.21,0,0,1,1,0,Bangladesh,1,0,0,0
Abu Hider (2016-2016),2016-2016,2016,2016,5,1,0,14,14,14,14.00,10,140.00,0,0,0,1,1,Bangladesh,1,0,0,0
Mohammad Rafique (2006-2006),2006-2006,2006,2006,1,1,0,13,13,13,13.00,5,260.00,0,0,0,3,0,Bangladesh,1,0,0,0
Abul Hasan (2012-2012),2012-2012,2012,2012,4,1,0,9,9,9,9.00,8,112.50,0,0,0,1,0,Bangladesh,1,0,0,0
Elias Sunny (2012-2012),2012-2012,2012,2012,7,4,2,9,5,5,4.50,9,100.00,0,0,0,1,0,Bangladesh,1,0,0,0
Mustafizur Rahman (2015-2017),2015-2017,2015,2017,17,6,2,8,6,6,2.00,15,53.33,0,0,2,0,1,Bangladesh,1,0,0,0
Shahadat Hossain (2006-2013),2006-2013,2006,2013,6,5,3,8,4*,4,4.00,12,66.66,0,0,1,0,0,Bangladesh,1,0,0,0
Al-Amin Hossain (2013-2016),2013-2016,2013,2016,25,5,3,7,5*,5,3.50,12,58.33,0,0,1,1,0,Bangladesh,1,0,0,0
Syed Rasel (2007-2008),2007-2008,2007,2008,8,3,1,7,6,6,3.50,9,77.77,0,0,0,1,0,Bangladesh,1,0,0,0
Nazmus Sadat (2006-2006),2006-2006,2006,2006,1,1,0,4,4,4,4.00,3,133.33,0,0,0,0,0,Bangladesh,1,0,0,0
Nazmul Hossain (2009-2012),2009-2012,2009,2012,4,2,2,3,3*,3,-,15,20.00,0,0,0,0,0,Bangladesh,1,0,0,0
Dhiman Ghosh (2008-2008),2008-2008,2008,2008,1,1,0,1,1,1,1.00,2,50.00,0,0,0,0,0,Bangladesh,1,0,0,0
Suhrawadi Shuvo (2010-2010),2010-2010,2010,2010,1,1,1,1,1*,1,-,3,33.33,0,0,0,0,0,Bangladesh,1,0,0,0
Jubair Hossain (2015-2015),2015-2015,2015,2015,1,-,-,-,-,-,-,-,-,-,-,-,-,-,Bangladesh,1,0,0,0
Mohammad Shahid (2016-2016),2016-2016,2016,2016,1,-,-,-,-,-,-,-,-,-,-,-,-,-,Bangladesh,1,0,0,0
Robiul Islam (2013-2013),2013-2013,2013,2013,1,-,-,-,-,-,-,-,-,-,-,-,-,-,Bangladesh,1,0,0,0
Sajedul Islam (2013-2013),2013-2013,2013,2013,1,-,-,-,-,-,-,-,-,-,-,-,-,-,Bangladesh,1,0,0,0
Saqlain Sajib (2016-2016),2016-2016,2016,2016,1,-,-,-,-,-,-,-,-,-,-,-,-,-,Bangladesh,1,0,0,0
Shaiman Anwar (2014-2017),2014-2017,2014,2017,26,26,2,747,117*,117,31.12,616,121.26,1,4,1,59,29,U.A.E.,1,0,1,1
Rohan Mustafa (2014-2017),2014-2017,2014,2017,24,23,1,411,77,77,18.68,343,119.82,0,2,2,43,15,U.A.E.,1,0,0,0
Muhammad Usman (2016-2017),2016-2017,2016,2017,19,18,3,382,58,58,25.46,349,109.45,0,1,1,39,11,U.A.E.,1,0,0,0
Mohammad Shahzad (2015-2017),2015-2017,2015,2017,20,20,2,281,52,52,15.61,239,117.57,0,1,2,25,11,U.A.E.,1,0,0,0
Amjad Javed (2014-2017),2014-2017,2014,2017,22,18,3,271,76,76,18.06,242,111.98,0,1,1,17,15,U.A.E.,1,0,0,0
Rameez Shahzad (2016-2017),2016-2017,2016,2017,8,8,2,196,49,49,32.66,156,125.64,0,0,1,17,5,U.A.E.,1,0,0,0
SP Patil (2014-2016),2014-2016,2014,2016,18,13,0,187,37,37,14.38,218,85.77,0,0,3,16,4,U.A.E.,1,0,0,0
Mohammad Naveed (2015-2017),2015-2017,2015,2017,22,18,8,137,25*,25,13.70,115,119.13,0,0,2,14,6,U.A.E.,1,0,0,0
Muhammad Kaleem (2016-2016),2016-2016,2016,2016,9,9,0,97,50,50,10.77,116,83.62,0,1,1,9,3,U.A.E.,1,0,0,0
Faizan Asif (2014-2015),2014-2015,2014,2015,6,6,0,80,28,28,13.33,64,125.00,0,0,0,9,3,U.A.E.,1,0,0,0
Khurram Khan (2014-2014),2014-2014,2014,2014,3,3,0,73,31,31,24.33,73,100.00,0,0,0,8,0,U.A.E.,1,0,0,0
Ghulam Shabber (2016-2017),2016-2017,2016,2017,8,5,2,50,20,20,16.66,43,116.27,0,0,0,4,2,U.A.E.,1,0,0,0
Amjad Ali (2014-2015),2014-2015,2014,2015,5,5,1,42,20,20,10.50,52,80.76,0,0,0,6,0,U.A.E.,1,0,0,0
Ahmed Raza (2014-2017),2014-2017,2014,2017,21,8,4,41,12,12,10.25,72,56.94,0,0,1,0,1,U.A.E.,1,0,0,0
Mohammed Qasim (2016-2017),2016-2017,2016,2017,3,3,1,36,13*,13,18.00,51,70.58,0,0,0,2,0,U.A.E.,1,0,0,0
Abdul Shakoor (2015-2015),2015-2015,2015,2015,4,3,1,28,20*,20,14.00,34,82.35,0,0,0,2,0,U.A.E.,1,0,0,0
Amjad Gul (2015-2016),2015-2016,2015,2016,4,3,0,28,24,24,9.33,30,93.33,0,0,0,3,1,U.A.E.,1,0,0,0
Umair Ali (2015-2015),2015-2015,2015,2015,3,3,2,22,13,13,22.00,18,122.22,0,0,0,2,1,U.A.E.,1,0,0,0
Kamran Shazad (2014-2014),2014-2014,2014,2014,3,2,0,21,21,21,10.50,17,123.52,0,0,1,1,2,U.A.E.,1,0,0,0
Fahad Tariq (2016-2016),2016-2016,2016,2016,6,5,1,19,16,16,4.75,24,79.16,0,0,2,1,1,U.A.E.,1,0,0,0
EHSN Silva (2014-2014),2014-2014,2014,2014,2,2,1,16,13*,13,16.00,22,72.72,0,0,0,1,0,U.A.E.,1,0,0,0
Saqlain Haider (2016-2016),2016-2016,2016,2016,6,5,1,14,7,7,3.50,35,40.00,0,0,0,0,0,U.A.E.,1,0,0,0
Usman Mushtaq (2016-2016),2016-2016,2016,2016,3,2,1,13,9,9,13.00,24,54.16,0,0,0,1,0,U.A.E.,1,0,0,0
Fayyaz Ahmed (2015-2015),2015-2015,2015,2015,1,1,0,11,11,11,11.00,12,91.66,0,0,0,2,0,U.A.E.,1,0,0,0
V Shetty (2014-2014),2014-2014,2014,2014,2,2,1,11,10,10,11.00,13,84.61,0,0,0,1,0,U.A.E.,1,0,0,0
Adnan Mufti (2017-2017),2017-2017,2017,2017,1,1,1,7,7*,7,-,7,100.00,0,0,0,0,0,U.A.E.,1,0,0,0
Qadeer Ahmed (2015-2016),2015-2016,2015,2016,8,4,3,7,5*,5,7.00,12,58.33,0,0,1,1,0,U.A.E.,1,0,0,0
Farhan Ahmed (2016-2016),2016-2016,2016,2016,3,1,0,4,4,4,4.00,8,50.00,0,0,0,0,0,U.A.E.,1,0,0,0
Mohammad Tauqir (2015-2015),2015-2015,2015,2015,3,2,1,4,4,4,4.00,6,66.66,0,0,0,1,0,U.A.E.,1,0,0,0
AM Guruge (2014-2015),2014-2015,2014,2015,5,3,2,3,1*,1,3.00,8,37.50,0,0,0,0,0,U.A.E.,1,0,0,0
Zaheer Maqsood (2015-2016),2015-2016,2015,2016,3,1,0,2,2,2,2.00,5,40.00,0,0,0,0,0,U.A.E.,1,0,0,0
Muhammed Shanil (2016-2016),2016-2016,2016,2016,1,1,1,1,1*,1,-,3,33.33,0,0,0,0,0,U.A.E.,1,0,0,0
L Sreekumar (2017-2017),2017-2017,2017,2017,1,1,0,0,0,0,0.00,1,0.00,0,0,1,0,0,U.A.E.,1,0,0,0
Atif Ali Khan (2016-2016),2016-2016,2016,2016,1,-,-,-,-,-,-,-,-,-,-,-,-,-,U.A.E.,1,0,0,0
Imran Haider (2016-2017),2016-2017,2016,2017,5,-,-,-,-,-,-,-,-,-,-,-,-,-,U.A.E.,1,0,0,0
Nasir Aziz (2015-2015),2015-2015,2015,2015,1,-,-,-,-,-,-,-,-,-,-,-,-,-,U.A.E.,1,0,0,0
Sharif Asadullah (2014-2014),2014-2014,2014,2014,1,-,-,-,-,-,-,-,-,-,-,-,-,-,U.A.E.,1,0,0,0
Sultan Ahmed (2017-2017),2017-2017,2017,2017,2,-,-,-,-,-,-,-,-,-,-,-,-,-,U.A.E.,1,0,0,0
Zahoor Khan (2017-2017),2017-2017,2017,2017,3,-,-,-,-,-,-,-,-,-,-,-,-,-,U.A.E.,1,0,0,0
WTS Porterfield (2008-2017),2008-2017,2008,2017,56,54,6,1002,72,72,20.87,903,110.96,0,3,5,114,20,Ireland,1,1,0,0
PR Stirling (2009-2017),2009-2017,2009,2017,44,43,4,975,79,79,25.00,731,133.37,0,6,6,121,30,Ireland,1,0,0,1
GC Wilson (2008-2017),2008-2017,2008,2017,53,46,6,891,65*,65,22.27,852,104.57,0,2,4,83,13,Ireland,1,0,0,0
"KJ O'Brien (2008-2017)",2008-2017,2008,2017,59,52,9,702,42*,42,16.32,595,117.98,0,0,8,49,28,Ireland,1,0,0,0
"NJ O'Brien (2008-2016)",2008-2016,2008,2016,30,28,2,466,50,50,17.92,475,98.10,0,1,0,40,7,Ireland,1,0,0,0
EC Joyce (2012-2014),2012-2014,2012,2014,16,14,3,404,78*,78,36.72,428,94.39,0,1,0,30,5,Ireland,1,0,0,0
DT Johnston (2008-2013),2008-2013,2008,2013,30,19,7,249,62,62,20.75,184,135.32,0,1,1,13,11,Ireland,1,0,0,0
JF Mooney (2009-2015),2009-2015,2009,2015,27,23,9,231,31*,31,16.50,214,107.94,0,0,0,25,1,Ireland,1,0,0,0
AR Cusack (2008-2015),2008-2015,2008,2015,37,21,6,229,65,65,15.26,177,129.37,0,1,1,17,6,Ireland,1,0,0,0
AD Poynter (2012-2016),2012-2016,2012,2016,19,14,3,219,57,57,19.90,184,119.02,0,1,1,21,8,Ireland,1,0,0,0
SR Thompson (2014-2017),2014-2017,2014,2017,20,14,3,173,56,56,15.72,124,139.51,0,1,1,15,9,Ireland,1,0,0,0
SW Poynter (2015-2017),2015-2017,2015,2017,14,12,0,152,39,39,12.66,136,111.76,0,0,0,17,3,Ireland,1,0,0,0
AR White (2008-2012),2008-2012,2008,2012,18,12,6,137,29,29,22.83,128,107.03,0,0,0,12,2,Ireland,1,0,0,0
AC Botha (2008-2010),2008-2010,2008,2010,14,11,1,130,38,38,13.00,141,92.19,0,0,2,12,1,Ireland,1,0,0,0
MC Sorensen (2012-2016),2012-2016,2012,2016,26,11,6,92,26,26,18.40,79,116.45,0,0,1,4,3,Ireland,1,0,0,0
A Balbirnie (2015-2016),2015-2016,2015,2016,10,7,0,84,31,31,12.00,94,89.36,0,0,1,9,0,Ireland,1,0,0,0
GH Dockrell (2010-2017),2010-2017,2010,2017,46,16,7,78,13*,13,8.66,77,101.29,0,0,3,4,1,Ireland,1,0,0,0
GJ Thompson (2016-2017),2016-2017,2016,2017,8,7,1,75,44,44,12.50,78,96.15,0,0,2,9,1,Ireland,1,0,0,0
AR McBrine (2014-2017),2014-2017,2014,2017,19,11,5,73,14*,14,12.16,70,104.28,0,0,1,6,1,Ireland,1,0,0,0
DA Rankin (2015-2016),2015-2016,2015,2016,2,2,0,49,34,34,24.50,54,90.74,0,0,0,3,2,Ireland,1,0,0,0
L Tucker (2016-2017),2016-2017,2016,2017,4,4,0,43,16,16,10.75,42,102.38,0,0,0,4,1,Ireland,1,0,0,0
NG Jones (2010-2012),2010-2012,2010,2012,5,4,2,42,14*,14,21.00,38,110.52,0,0,1,1,2,Ireland,1,0,0,0
WB Rankin (2009-2017),2009-2017,2009,2017,24,6,4,31,16*,16,15.50,32,96.87,0,0,0,2,1,Ireland,1,0,0,0
TE Kane (2015-2015),2015-2015,2015,2015,5,2,1,28,26*,26,28.00,20,140.00,0,0,0,3,0,Ireland,1,0,0,0
TJ Murtagh (2012-2016),2012-2016,2012,2016,14,5,3,26,12*,12,13.00,25,104.00,0,0,0,0,1,Ireland,1,0,0,0
J Anderson (2015-2015),2015-2015,2015,2015,4,2,0,12,9,9,6.00,18,66.66,0,0,0,1,0,Ireland,1,0,0,0
WK McCallan (2008-2009),2008-2009,2008,2009,9,3,2,11,9*,9,11.00,15,73.33,0,0,1,1,0,Ireland,1,0,0,0
RM West (2009-2009),2009-2009,2009,2009,5,4,1,11,8,8,3.66,11,100.00,0,0,0,1,0,Ireland,1,0,0,0
J Mulder (2016-2017),2016-2017,2016,2017,8,4,2,6,5*,5,3.00,11,54.54,0,0,1,0,0,Ireland,1,0,0,0
R Strydom (2008-2008),2008-2008,2008,2008,4,2,1,6,5*,5,6.00,7,85.71,0,0,0,0,0,Ireland,1,0,0,0
PC Connell (2008-2010),2008-2010,2008,2010,9,3,2,4,3*,3,4.00,7,57.14,0,0,1,0,0,Ireland,1,0,0,0
SP Terry (2016-2016),2016-2016,2016,2016,1,1,0,4,4,4,4.00,6,66.66,0,0,0,0,0,Ireland,1,0,0,0
CA Young (2015-2017),2015-2017,2015,2017,15,3,2,4,2*,2,4.00,7,57.14,0,0,0,0,0,Ireland,1,0,0,0
JP Bray (2009-2009),2009-2009,2009,2009,2,2,0,2,2,2,1.00,17,11.76,0,0,1,0,0,Ireland,1,0,0,0
JNK Shannon (2013-2016),2013-2016,2013,2016,2,2,0,2,2,2,1.00,7,28.57,0,0,1,0,0,Ireland,1,0,0,0
GE Kidd (2010-2010),2010-2010,2010,2010,1,1,1,1,1*,1,-,1,100.00,0,0,0,0,0,Ireland,1,0,0,0
RD McCann (2012-2012),2012-2012,2012,2012,3,1,0,1,1,1,1.00,2,50.00,0,0,0,0,0,Ireland,1,0,0,0
J Little (2016-2017),2016-2017,2016,2017,2,1,0,0,0,0,0.00,3,0.00,0,0,1,0,0,Ireland,1,0,0,0
BJ McCarthy (2017-2017),2017-2017,2017,2017,2,2,0,0,0,0,0.00,1,0.00,0,0,2,0,0,Ireland,1,0,0,0
PS Eaglestone (2010-2010),2010-2010,2010,2010,1,-,-,-,-,-,-,-,-,-,-,-,-,-,Ireland,1,0,0,0
GJ McCarter (2015-2015),2015-2015,2015,2015,3,-,-,-,-,-,-,-,-,-,-,-,-,-,Ireland,1,0,0,0
KJ Coetzer (2008-2017),2008-2017,2008,2017,39,37,2,850,70,70,24.28,735,115.64,0,2,2,81,28,Scotland,1,0,0,0
RD Berrington (2008-2017),2008-2017,2008,2017,40,33,4,698,100,100,24.06,582,119.93,1,1,5,66,15,Scotland,1,0,0,0
CS MacLeod (2009-2017),2009-2017,2009,2017,28,27,3,489,60,60,20.37,452,108.18,0,4,3,37,13,Scotland,1,0,0,0
PL Mommsen (2012-2016),2012-2016,2012,2016,24,19,7,419,68*,68,34.91,329,127.35,0,2,1,32,11,Scotland,1,0,0,1
MW Machan (2013-2016),2013-2016,2013,2016,13,13,3,407,67*,67,40.70,318,127.98,0,3,0,37,7,Scotland,1,0,0,1
MH Cross (2013-2017),2013-2017,2013,2017,23,18,1,392,60,60,23.05,288,136.11,0,1,1,42,16,Scotland,1,0,0,1
HG Munsey (2015-2017),2015-2017,2015,2017,17,15,2,232,62*,62,17.84,187,124.06,0,1,3,40,2,Scotland,1,0,0,0
RR Watson (2007-2010),2007-2010,2007,2010,10,9,0,159,54,54,17.66,141,112.76,0,1,1,22,1,Scotland,1,0,0,0
DF Watts (2007-2012),2007-2012,2007,2012,11,9,0,137,46,46,15.22,127,107.87,0,0,2,13,3,Scotland,1,0,0,0
MA Leask (2013-2017),2013-2017,2013,2017,14,9,0,102,58,58,11.33,96,106.25,0,1,1,7,5,Scotland,1,0,0,0
NS Poonia (2007-2010),2007-2010,2007,2010,8,7,2,95,38*,38,19.00,108,87.96,0,0,2,3,1,Scotland,1,0,0,0
JH Stander (2009-2012),2009-2012,2009,2012,11,11,2,94,45,45,10.44,90,104.44,0,0,3,6,4,Scotland,1,0,0,0
GM Hamilton (2007-2010),2007-2010,2007,2010,12,8,0,90,32,32,11.25,110,81.81,0,0,0,6,1,Scotland,1,0,0,0
CD Wallace (2012-2017),2012-2017,2012,2017,12,9,5,90,26*,26,22.50,79,113.92,0,0,0,9,0,Scotland,1,0,0,0
RML Taylor (2013-2016),2013-2016,2013,2016,9,6,3,85,41*,41,28.33,58,146.55,0,0,0,6,4,Scotland,1,0,0,0
NFI McCallum (2007-2010),2007-2010,2007,2010,11,7,0,76,38,38,10.85,85,89.41,0,0,3,7,1,Scotland,1,0,0,0
SM Sharif (2012-2017),2012-2017,2012,2017,24,10,4,65,26,26,10.83,53,122.64,0,0,2,4,2,Scotland,1,0,0,0
RM Haq (2007-2013),2007-2013,2007,2013,21,12,7,64,21*,21,12.80,96,66.66,0,0,1,2,1,Scotland,1,0,0,0
CJO Smith (2007-2009),2007-2009,2007,2009,8,6,1,58,46*,46,11.60,54,107.40,0,0,3,6,0,Scotland,1,0,0,0
JH Davey (2012-2017),2012-2017,2012,2017,14,7,2,55,24,24,11.00,43,127.90,0,0,0,3,2,Scotland,1,0,0,0
GD Drummond (2008-2013),2008-2013,2008,2013,17,7,0,54,35,35,7.71,65,83.07,0,0,2,3,0,Scotland,1,0,0,0
MM Iqbal (2012-2013),2012-2013,2012,2013,6,3,0,46,31,31,15.33,45,102.22,0,0,0,4,1,Scotland,1,0,0,0
R Flannigan (2012-2012),2012-2012,2012,2012,4,4,1,38,18,18,12.66,33,115.15,0,0,1,4,0,Scotland,1,0,0,0
CD de Lange (2015-2017),2015-2017,2015,2017,8,3,0,35,22,22,11.66,22,159.09,0,0,0,2,2,Scotland,1,0,0,0
D Murphy (2013-2013),2013-2013,2013,2013,4,4,3,35,20,20,35.00,35,100.00,0,0,0,1,0,Scotland,1,0,0,0
JD Nel (2007-2010),2007-2010,2007,2010,10,5,2,34,13*,13,11.33,25,136.00,0,0,1,3,1,Scotland,1,0,0,0
MRJ Watt (2015-2017),2015-2017,2015,2017,18,6,3,31,11*,11,10.33,21,147.61,0,0,1,3,1,Scotland,1,0,0,0
G Goudie (2010-2013),2010-2013,2010,2013,9,6,2,25,9*,9,6.25,20,125.00,0,0,0,2,1,Scotland,1,0,0,0
SJS Smith (2010-2012),2010-2012,2010,2012,5,4,1,21,9,9,7.00,40,52.50,0,0,1,1,0,Scotland,1,0,0,0
CM Wright (2007-2009),2007-2009,2007,2009,3,1,0,14,14,14,14.00,18,77.77,0,0,0,0,0,Scotland,1,0,0,0
FRJ Coleman (2013-2013),2013-2013,2013,2013,1,1,0,9,9,9,9.00,13,69.23,0,0,0,1,0,Scotland,1,0,0,0
GA Rogers (2008-2009),2008-2009,2008,2009,2,2,2,7,6*,6,-,8,87.50,0,0,0,0,0,Scotland,1,0,0,0
JAR Blain (2007-2008),2007-2008,2007,2008,6,3,1,4,3*,3,2.00,5,80.00,0,0,1,0,0,Scotland,1,0,0,0
NM Carter (2013-2013),2013-2013,2013,2013,7,2,0,4,3,3,2.00,12,33.33,0,0,0,0,0,Scotland,1,0,0,0
RT Lyons (2010-2010),2010-2010,2010,2010,2,2,0,4,4,4,2.00,17,23.52,0,0,1,0,0,Scotland,1,0,0,0
BTJ Wheal (2016-2017),2016-2017,2016,2017,5,2,2,2,2*,2,-,2,100.00,0,0,0,0,0,Scotland,1,0,0,0
DR Brown (2007-2007),2007-2007,2007,2007,2,1,0,1,1,1,1.00,5,20.00,0,0,0,0,0,Scotland,1,0,0,0
AC Evans (2015-2016),2015-2016,2015,2016,11,4,1,1,1*,1,0.33,8,12.50,0,0,3,0,0,Scotland,1,0,0,0
I Wardlaw (2013-2013),2013-2013,2013,2013,4,1,0,1,1,1,1.00,3,33.33,0,0,0,0,0,Scotland,1,0,0,0
GI Maiden (2008-2008),2008-2008,2008,2008,3,1,0,0,0,0,0.00,1,0.00,0,0,1,0,0,Scotland,1,0,0,0
CG Burnett (2013-2013),2013-2013,2013,2013,1,-,-,-,-,-,-,-,-,-,-,-,-,-,Scotland,1,0,0,0
GT Main (2015-2016),2015-2016,2015,2016,4,-,-,-,-,-,-,-,-,-,-,-,-,-,Scotland,1,0,0,0
MA Parker (2012-2012),2012-2012,2012,2012,2,-,-,-,-,-,-,-,-,-,-,-,-,-,Scotland,1,0,0,0
CB Sole (2017-2017),2017-2017,2017,2017,1,-,-,-,-,-,-,-,-,-,-,-,-,-,Scotland,1,0,0,0
Zeeshan Maqsood (N/A),N/A,N/A,N/A,16,15,0,368,52,52,24.53,315,116.82,0,1,2,49,8,Oman,1,0,0,0
Adnan Ilyas (N/A),N/A,N/A,N/A,12,11,0,258,54,54,23.45,218,118.34,0,1,0,16,8,Oman,1,0,0,0
Khawar Ali (N/A),N/A,N/A,N/A,14,13,0,214,38,38,16.46,241,88.79,0,0,0,23,5,Oman,1,0,0,0
Jatinder Singh (N/A),N/A,N/A,N/A,11,11,0,200,42,42,18.18,221,90.49,0,0,0,16,1,Oman,1,0,0,0
Aamir Kaleem (N/A),N/A,N/A,N/A,11,10,2,161,46*,46,20.12,143,112.58,0,0,2,15,3,Oman,1,0,0,0
Aqib Ilyas (N/A),N/A,N/A,N/A,9,9,2,129,56*,56,18.42,110,117.27,0,1,0,19,2,Oman,1,0,0,0
Sultan Ahmed (N/A),N/A,N/A,N/A,17,12,3,104,37*,37,11.55,83,125.30,0,0,3,14,0,Oman,1,0,0,0
Amir Ali (N/A),N/A,N/A,N/A,10,8,3,97,32*,32,19.40,65,149.23,0,0,0,11,2,Oman,1,0,0,0
AV Lalcheta (N/A),N/A,N/A,N/A,14,8,2,87,20,20,14.50,66,131.81,0,0,0,9,3,Oman,1,0,0,0
Mehran Khan (N/A),N/A,N/A,N/A,13,9,2,79,28*,28,11.28,74,106.75,0,0,0,4,4,Oman,1,0,0,0
Khurram Nawaz (N/A),N/A,N/A,N/A,4,4,2,78,26*,26,39.00,69,113.04,0,0,0,4,3,Oman,1,0,0,0
Zeeshan Siddiqui (N/A),N/A,N/A,N/A,5,5,1,60,33*,33,15.00,63,95.23,0,0,0,7,0,Oman,1,0,0,0
Naseem Khushi (N/A),N/A,N/A,N/A,4,3,0,54,29,29,18.00,37,145.94,0,0,1,2,4,Oman,1,0,0,0
Mohammad Nadeem (N/A),N/A,N/A,N/A,6,4,0,21,7,7,5.25,20,105.00,0,0,0,2,0,Oman,1,0,0,0
VS Wategaonkar (N/A),N/A,N/A,N/A,2,1,0,14,14,14,14.00,14,100.00,0,0,0,1,0,Oman,1,0,0,0
Sufyan Mehmood (N/A),N/A,N/A,N/A,2,1,1,13,13*,13,-,32,40.62,0,0,0,2,0,Oman,1,0,0,0
A Poulose (N/A),N/A,N/A,N/A,3,3,0,9,9,9,3.00,14,64.28,0,0,2,2,0,Oman,1,0,0,0
M Ansari (N/A),N/A,N/A,N/A,11,4,4,5,3*,3,-,10,50.00,0,0,0,0,0,Oman,1,0,0,0
Bilal Khan (N/A),N/A,N/A,N/A,16,4,3,5,4*,4,5.00,5,100.00,0,0,1,1,0,Oman,1,0,0,0
RJ Ranpura (N/A),N/A,N/A,N/A,3,2,2,5,5*,5,-,8,62.50,0,0,0,0,0,Oman,1,0,0,0
Kaleemullah (N/A),N/A,N/A,N/A,4,1,0,0,0,0,0.00,1,0.00,0,0,1,0,0,Oman,1,0,0,0
Mohammad Shahzad (2010-2017),2010-2017,2010,2017,58,58,3,1779,118*,118,32.34,1300,136.84,1,12,3,200,66,Afghanistan,1,1,1,1
Mohammad Nabi (2010-2017),2010-2017,2010,2017,58,53,7,876,89,89,19.04,634,138.17,0,2,3,56,45,Afghanistan,1,0,0,1
Asghar Stanikzai (2010-2017),2010-2017,2010,2017,49,44,4,869,62,62,21.72,824,105.46,0,3,2,54,41,Afghanistan,1,0,0,0
Samiullah Shenwari (2010-2017),2010-2017,2010,2017,55,49,9,848,61,61,21.20,715,118.60,0,2,2,64,29,Afghanistan,1,0,0,0
Najibullah Zadran (2012-2017),2012-2017,2012,2017,40,32,13,643,60*,60,33.84,433,148.49,0,2,0,39,35,Afghanistan,1,0,1,1
Noor Ali Zadran (2010-2017),2010-2017,2010,2017,20,20,1,506,63,63,26.63,497,101.81,0,3,1,45,6,Afghanistan,1,0,0,0
Karim Sadiq (2010-2016),2010-2016,2010,2016,34,34,0,505,72,72,14.85,456,110.74,0,1,4,58,9,Afghanistan,1,0,0,0
Nawroz Mangal (2010-2017),2010-2017,2010,2017,32,32,4,505,65*,65,18.03,453,111.47,0,2,4,42,19,Afghanistan,1,0,0,0
Gulbadin Naib (2012-2017),2012-2017,2012,2017,36,30,8,430,56*,56,19.54,354,121.46,0,1,2,31,20,Afghanistan,1,0,0,1
Shafiqullah (2010-2017),2010-2017,2010,2017,35,32,9,392,51*,51,17.04,274,143.06,0,1,4,29,23,Afghanistan,1,0,0,1
Usman Ghani (2015-2017),2015-2017,2015,2017,13,13,0,292,69,69,22.46,267,109.36,0,2,0,31,7,Afghanistan,1,0,0,0
Najeeb Tarakai (2014-2017),2014-2017,2014,2017,9,9,0,216,90,90,24.00,166,130.12,0,1,1,19,10,Afghanistan,1,0,0,0
Mirwais Ashraf (2010-2016),2010-2016,2010,2016,25,19,8,128,28*,28,11.63,115,111.30,0,0,2,5,8,Afghanistan,1,0,0,0
Karim Janat (2016-2017),2016-2017,2016,2017,11,7,1,109,25,25,18.16,102,106.86,0,0,0,6,6,Afghanistan,1,0,0,0
Rashid Khan (2015-2017),2015-2017,2015,2017,27,10,5,100,33,33,20.00,74,135.13,0,0,0,8,6,Afghanistan,1,0,0,0
Raees Ahmadzai (2010-2010),2010-2010,2010,2010,8,6,3,91,33*,33,30.33,84,108.33,0,0,0,5,1,Afghanistan,1,0,0,0
Dawlat Zadran (2012-2017),2012-2017,2012,2017,33,16,7,68,13,13,7.55,42,161.90,0,0,3,4,6,Afghanistan,1,0,0,0
Hamid Hassan (2010-2016),2010-2016,2010,2016,22,9,6,50,22,22,16.66,46,108.69,0,0,0,3,2,Afghanistan,1,0,0,0
Amir Hamza (2013-2017),2013-2017,2013,2017,31,9,5,40,21,21,10.00,38,105.26,0,0,1,3,1,Afghanistan,1,0,0,0
Shapoor Zadran (2010-2017),2010-2017,2010,2017,32,13,6,27,13,13,3.85,65,41.53,0,0,3,0,3,Afghanistan,1,0,0,0
Hazratullah (2016-2016),2016-2016,2016,2016,1,1,0,18,18,18,18.00,24,75.00,0,0,0,1,0,Afghanistan,1,0,0,0
Shabir Noori (2012-2012),2012-2012,2012,2012,1,1,0,15,15,15,15.00,18,83.33,0,0,0,1,0,Afghanistan,1,0,0,0
Afsar Zazai (2013-2013),2013-2013,2013,2013,1,1,0,9,9,9,9.00,21,42.85,0,0,0,0,0,Afghanistan,1,0,0,0
Javed Ahmadi (2012-2017),2012-2017,2012,2017,3,2,0,6,6,6,3.00,7,85.71,0,0,1,1,0,Afghanistan,1,0,0,0
Dawlat Ahmadzai (2010-2010),2010-2010,2010,2010,2,1,1,2,2*,2,-,3,66.66,0,0,0,0,0,Afghanistan,1,0,0,0
Aftab Alam (2012-2016),2012-2016,2012,2016,7,2,2,1,1*,1,-,4,25.00,0,0,0,0,0,Afghanistan,1,0,0,0
Hashmatullah Shahidi (2013-2013),2013-2013,2013,2013,1,1,1,1,1*,1,-,1,100.00,0,0,0,0,0,Afghanistan,1,0,0,0
M Nasim Baras (2015-2015),2015-2015,2015,2015,3,1,0,1,1,1,1.00,2,50.00,0,0,0,0,0,Afghanistan,1,0,0,0
Sayed Shirzad (2015-2016),2015-2016,2015,2016,3,1,0,1,1,1,1.00,2,50.00,0,0,0,0,0,Afghanistan,1,0,0,0
Yamin Ahmadzai (2015-2015),2015-2015,2015,2015,2,1,1,1,1*,1,-,1,100.00,0,0,0,0,0,Afghanistan,1,0,0,0
Izatullah Dawlatzai (2012-2012),2012-2012,2012,2012,4,1,1,0,0*,0,-,3,0.00,0,0,0,0,0,Afghanistan,1,0,0,0
Fareed Ahmad (2016-2017),2016-2017,2016,2017,7,-,-,-,-,-,-,-,-,-,-,-,-,-,Afghanistan,1,0,0,0
Rokhan Barakzai (2015-2015),2015-2015,2015,2015,3,-,-,-,-,-,-,-,-,-,-,-,-,-,Afghanistan,1,0,0,0
Sharafuddin Ashraf (2015-2015),2015-2015,2015,2015,4,-,-,-,-,-,-,-,-,-,-,-,-,-,Afghanistan,1,0,0,0
Zamir Khan (2012-2012),2012-2012,2012,2012,1,-,-,-,-,-,-,-,-,-,-,-,-,-,Afghanistan,1,0,0,0
